Player,Team,Age,Standard_MP,Standard_Starts,Standard_Min,Standard_Gls,Standard_Ast,Standard_CrdY,Standard_CrdR,Standard_xG,Standard_xAG,Standard_PrgC,Standard_PrgP,Standard_PrgR,Standard_Gls/90,Standard_Ast/90,Standard_xG/90,Standard_xAG/90,Goalkeeping_GA90,Goalkeeping_Save%,Goalkeeping_CS%,Goalkeeping_Penalty_Save%,Shooting_SoT%,Shooting_SoT/90,Shooting_G/Sh,Shooting_Dist,Passing_Cmp,Passing_Total_Cmp%,Passing_TotDist,Passing_Short_Cmp%,Passing_Medium_Cmp%,Passing_Long_Cmp%,Passing_KP,Passing_1/3,Passing_PPA,Passing_CrsPA,Passing_PrgP,GCA_SCA,GCA_SCA90,GCA_GCA,GCA_GCA90,Defense_Tkl,Defense_TklW,Defense_Att,Defense_Lost,Defense_Blocks,Defense_Sh,Defense_Pass,Defense_Int,Possession_Touches,Possession_Def Pen,Possession_Def 3rd,Possession_Mid 3rd,Possession_Att 3rd,Possession_Att Pen,Possession_Att,Possession_Succ%,Possession_Tkld%,Possession_Carries,Possession_PrgDist,Possession_PrgC,Possession_1/3,Possession_CPA,Possession_Mis,Possession_Dis,Possession_Rec,Possession_PrgR,Misc_Fls,Misc_Fld,Misc_Off,Misc_Crs,Misc_Recov,Misc_Won,Misc_Lost,Misc_Won%,Played Time,Estimated Value
Aaron Ramsdale,,26.93,25,25,2250.0,0,0,2,0,0.0,0.0,0,0,0,0.0,0.0,0.0,0.0,2.32,67.7,8.0,28.6,30.6,0.0,0.07,16.2,674,65.2,18711,99.5,95.9,39.3,0,31,1,0,0,3,0.12,0,0.0,0,0,2,2,0,0,0,2,1111,804,1094,20,0,0,0,45.0,44.3,687,2057,0,0,0,2,0,621,0,1,4,0,0,18,4,0,100.0,2160.0,18700000.0
Aaron Wan-Bissaka,,27.4,31,30,2704.0,2,2,1,0,1.0,2.7,93,118,131,0.07,0.07,0.03,0.09,1.375,69.85,25.05,0.0,30.8,0.13,0.15,15.5,1234,80.9,17639,89.7,82.1,47.9,27,85,27,11,118,75,2.5,5,0.17,61,43,26,7,31,9,22,57,1900,134,610,808,509,38,95,53.7,34.7,887,3193,93,54,12,28,20,1090,131,22,23,4,61,153,22,28,44.0,2704.0,29700000.0
Abdoulaye Doucouré,,32.3,29,28,2335.0,3,1,5,1,3.7,2.3,38,74,88,0.12,0.04,0.14,0.09,1.375,69.85,25.05,0.0,32.1,0.35,0.11,13.9,657,79.8,9948,84.9,83.2,74.1,26,43,14,0,74,53,2.04,2,0.08,42,25,33,21,29,6,23,9,1055,31,213,480,376,56,40,55.0,45.0,559,1301,38,22,8,32,34,680,88,46,5,9,22,134,29,40,42.0,2245.0,5800000.0
Adam Armstrong,,28.19,20,15,1248.0,2,2,4,0,3.3,1.2,25,21,79,0.14,0.14,0.24,0.09,1.375,69.85,25.05,0.0,28.0,0.5,0.08,16.6,231,80.2,3320,87.3,85.3,46.2,9,10,8,2,21,19,1.37,4,0.29,12,3,14,11,6,1,5,3,377,11,44,143,192,49,14,42.9,57.1,235,599,25,13,6,11,18,286,79,12,5,9,14,23,5,9,35.7,1248.0,15100000.0
Adam Smith,,33.98,21,16,1319.0,0,0,5,0,0.7,0.2,12,39,31,0.0,0.0,0.04,0.02,1.375,69.85,25.05,0.0,0.0,0.0,0.0,16.9,415,75.7,6761,87.7,78.8,35.3,6,39,6,3,39,17,1.16,1,0.07,20,10,23,12,10,3,7,14,671,34,205,316,154,6,15,40.0,40.0,294,577,12,15,0,10,6,320,31,13,10,0,28,40,12,12,50.0,1236.0,1500000.0
Adam Wharton,,20.88,18,14,1196.0,0,1,2,0,0.3,2.8,14,103,10,0.0,0.08,0.02,0.21,1.375,69.85,25.05,0.0,45.5,0.38,0.0,24.5,500,75.8,9402,82.2,80.9,63.9,23,71,18,5,103,54,4.07,5,0.38,33,14,41,25,10,2,8,17,795,27,189,419,191,10,10,20.0,80.0,396,972,14,20,2,14,12,490,10,12,21,0,32,91,7,16,30.4,1088.0,49300000.0
Adama Traoré,,29.23,30,16,1516.0,2,5,2,0,3.8,4.1,80,57,138,0.12,0.3,0.22,0.24,1.375,69.85,25.05,0.0,31.4,0.65,0.06,14.3,365,71.7,5688,81.1,73.2,54.3,32,32,27,14,57,66,3.92,8,0.47,17,12,13,8,6,0,6,1,697,2,71,253,393,83,85,49.4,37.6,467,2106,80,39,32,30,19,531,138,20,29,1,84,74,24,25,49.0,1516.0,8199999.999999999
Alejandro Garnacho,,20.8,31,20,1876.0,5,1,2,0,6.2,2.8,122,47,249,0.24,0.05,0.3,0.13,1.375,69.85,25.05,0.0,37.5,1.3,0.07,16.9,539,79.4,7606,89.3,82.1,59.1,26,19,21,3,47,64,3.07,4,0.19,27,17,29,19,16,0,16,10,967,13,113,313,557,141,76,28.9,61.8,702,2758,122,62,58,51,41,736,249,9,36,9,42,100,3,22,12.0,1876.0,59200000.0
Alex Iwobi,,28.96,32,30,2553.0,8,5,1,0,4.2,6.4,123,181,209,0.28,0.18,0.15,0.22,1.375,69.85,25.05,0.0,44.1,0.92,0.14,18.5,971,74.8,16770,86.0,78.3,55.3,52,100,74,15,181,111,3.91,15,0.53,37,21,28,11,23,1,22,11,1586,31,211,643,756,100,82,50.0,45.1,1120,3723,123,91,35,52,38,1232,209,15,16,4,104,119,5,28,15.2,2553.0,31200000.0
Alexander Isak,,25.58,30,30,2411.0,21,6,1,0,17.5,4.0,76,74,192,0.78,0.22,0.66,0.15,1.375,69.85,25.05,0.0,45.1,1.38,0.23,14.4,440,73.6,6288,82.4,77.4,62.9,38,32,23,1,74,83,3.1,14,0.52,12,5,12,7,18,2,16,3,895,19,52,337,520,166,85,49.4,49.4,540,1700,76,40,42,59,50,631,192,24,12,20,15,52,25,47,34.7,2265.0,119400000.0
Alexis Mac Allister,,26.32,31,28,2381.0,4,4,6,0,2.7,4.3,31,158,72,0.15,0.15,0.1,0.16,1.375,69.85,25.05,0.0,34.3,0.45,0.11,18.2,1165,83.5,18587,89.9,88.3,57.2,38,112,32,1,158,108,4.08,14,0.53,85,51,91,43,57,5,52,20,1702,50,257,892,569,55,39,38.5,51.3,834,1781,31,38,3,26,20,1132,72,58,38,2,70,132,18,31,36.7,2381.0,117000000.0
Alisson,,32.55,22,22,1968.0,0,0,0,0,0.0,0.6,0,0,0,0.0,0.0,0.0,0.03,0.87,72.1,36.4,0.0,30.6,0.0,0.07,16.2,564,82.5,12593,98.8,98.7,47.1,1,10,0,0,0,6,0.27,1,0.05,1,0,1,1,0,0,0,0,726,534,712,14,0,0,1,100.0,0.0,465,1093,0,0,0,1,0,430,0,0,1,0,0,38,6,0,100.0,1968.0,24500000.0
Alphonse Areola,,32.14,22,21,1900.0,0,0,0,0,0.0,0.0,0,0,0,0.0,0.0,0.0,0.0,1.66,62.8,19.0,0.0,30.6,0.0,0.07,16.2,579,69.9,15567,99.2,95.0,43.5,0,7,0,0,0,3,0.14,0,0.0,2,2,3,1,0,0,0,0,878,705,870,9,0,0,0,45.0,44.3,493,1102,0,0,0,0,0,451,0,0,0,0,0,25,2,0,100.0,1810.0,11600000.0
Amad Diallo,,22.78,22,17,1594.0,6,6,3,0,4.1,3.9,92,53,159,0.34,0.34,0.23,0.22,1.375,69.85,25.05,0.0,32.5,0.73,0.15,17.7,658,82.9,9051,90.4,85.3,52.4,39,25,29,5,53,80,4.52,16,0.9,33,26,26,11,10,0,10,11,1012,13,150,374,504,109,72,50.0,44.4,656,2294,92,46,52,35,32,714,159,19,23,9,38,93,9,15,37.5,1594.0,48600000.0
Amadou Onana,,23.68,21,16,1273.0,3,0,4,0,1.9,0.3,20,58,13,0.21,0.0,0.14,0.02,1.375,69.85,25.05,0.0,37.5,0.42,0.19,15.2,575,88.7,9034,94.8,90.0,71.4,7,52,8,1,58,23,1.62,4,0.28,45,24,24,10,13,6,7,23,808,54,208,485,128,17,16,62.5,18.8,452,1215,20,19,1,10,8,547,13,29,23,0,1,62,22,17,56.4,1254.0,64400000.00000001
Andreas Pereira,,29.3,29,21,1744.0,2,4,7,0,3.4,4.3,25,97,75,0.1,0.21,0.17,0.22,1.375,69.85,25.05,0.0,25.0,0.41,0.06,21.8,612,69.5,11140,83.4,78.4,42.1,53,63,19,4,97,95,4.91,8,0.41,22,12,38,28,15,2,13,8,1033,16,150,428,472,36,29,44.8,27.6,529,1215,25,33,7,20,19,616,75,23,22,1,149,95,12,19,38.7,1744.0,18900000.0
Andrew Robertson,,31.11,30,26,2218.0,0,0,3,1,0.9,4.1,57,163,90,0.0,0.0,0.04,0.17,1.375,69.85,25.05,0.0,16.7,0.08,0.0,15.0,1405,83.2,23582,94.4,87.0,46.7,38,139,27,15,163,73,2.96,3,0.12,38,22,47,17,9,4,5,20,1877,85,475,856,559,47,18,38.9,55.6,998,2541,57,48,6,24,10,1255,90,10,7,2,131,89,6,12,33.3,2218.0,20600000.0
André,,23.76,27,25,1997.0,0,0,6,0,0.3,0.6,8,86,11,0.0,0.0,0.01,0.03,1.375,69.85,25.05,0.0,14.3,0.05,0.0,22.5,968,92.6,15396,95.1,95.1,79.7,12,91,4,0,86,41,1.85,3,0.14,64,41,51,23,40,8,32,28,1268,78,347,821,114,3,24,50.0,33.3,701,1289,8,14,0,25,14,851,11,32,30,0,0,156,2,6,25.0,1997.0,29400000.0
André Onana,,29.05,31,31,2790.0,0,0,0,0,0.0,0.2,0,1,0,0.0,0.0,0.0,0.01,1.32,69.8,29.0,25.0,30.6,0.0,0.07,16.2,868,72.8,20571,99.0,99.2,36.0,1,23,0,0,1,4,0.13,0,0.0,1,1,3,2,0,0,0,0,1256,951,1235,22,0,0,0,45.0,44.3,889,2530,0,0,0,1,0,768,0,0,2,0,0,29,6,0,100.0,2790.0,34200000.0
Anthony Elanga,,22.98,32,25,2007.0,6,8,1,0,3.9,4.3,79,47,162,0.27,0.36,0.18,0.19,1.375,69.85,25.05,0.0,45.7,0.72,0.17,16.8,418,65.2,6008,84.1,63.4,33.7,39,26,22,6,47,81,3.64,13,0.58,17,12,16,12,9,1,8,5,886,29,124,254,524,86,71,31.0,45.1,462,2068,79,41,36,64,34,583,162,6,32,12,140,77,21,32,39.6,2007.0,45600000.0
Anthony Gordon,,24.15,29,25,2176.0,6,5,2,0,7.9,4.9,108,91,190,0.25,0.21,0.33,0.2,1.375,69.85,25.05,0.0,28.3,0.62,0.09,16.3,641,72.6,9887,85.8,77.5,41.7,49,59,49,16,91,96,3.97,12,0.5,31,17,34,22,24,2,22,6,1141,16,114,433,613,123,95,36.8,46.3,734,2931,108,54,55,28,35,819,190,19,62,7,119,91,5,7,41.7,2121.0,52400000.0
Antoine Semenyo,,25.28,32,32,2823.0,8,4,9,0,9.1,5.7,132,103,258,0.26,0.13,0.29,0.18,1.375,69.85,25.05,0.0,31.0,1.15,0.07,17.2,713,73.4,10210,85.0,76.7,38.0,44,47,44,8,103,121,3.86,12,0.38,51,33,40,26,55,7,48,8,1448,41,174,504,802,174,122,52.5,40.2,872,3282,132,64,64,75,69,1011,258,64,36,14,52,142,60,71,45.8,2733.0,45400000.0
Antonee Robinson,,27.7,32,31,2809.0,0,10,8,0,0.7,4.1,109,115,250,0.0,0.32,0.02,0.13,1.375,69.85,25.05,0.0,12.5,0.06,0.0,22.1,1437,76.6,24549,86.6,79.0,56.1,41,106,50,26,115,74,2.37,11,0.35,83,55,84,41,35,5,30,55,2270,116,708,873,721,63,73,43.8,41.1,1205,3848,109,55,29,40,16,1356,250,29,17,6,152,137,44,25,63.8,2809.0,42700000.0
Archie Gray,,19.11,23,14,1346.0,0,0,0,0,0.0,0.1,5,31,15,0.0,0.0,0.0,0.01,1.375,69.85,25.05,0.0,100.0,0.07,0.0,24.6,900,88.8,15780,92.5,93.0,61.4,2,37,0,0,31,5,0.33,0,0.0,12,6,16,10,19,10,9,10,1117,133,542,507,78,2,9,44.4,44.4,788,1492,5,5,0,7,10,849,15,9,11,0,12,56,9,8,52.9,1346.0,72500000.0
Arijanet Muric,,26.45,18,18,1620.0,0,0,1,0,0.0,0.0,0,1,0,0.0,0.0,0.0,0.0,1.83,70.0,5.6,0.0,30.6,0.0,0.07,16.2,454,71.7,11705,100.0,97.3,40.6,0,14,0,0,1,1,0.06,0,0.0,0,0,2,2,0,0,0,0,689,559,672,18,0,0,0,45.0,44.3,405,1178,0,0,0,3,1,321,0,0,4,0,0,26,11,1,91.7,1620.0,10400000.0
Ashley Young,,39.78,27,17,1586.0,1,3,6,1,0.3,1.6,19,81,25,0.06,0.17,0.02,0.09,1.375,69.85,25.05,0.0,50.0,0.17,0.17,24.5,591,69.7,10908,87.6,75.7,40.8,19,68,17,8,81,36,2.04,6,0.34,50,28,49,18,10,3,7,22,1015,51,311,433,276,9,14,35.7,50.0,397,1176,19,24,1,8,1,513,25,24,17,0,63,60,10,10,50.0,1586.0,1300000.0
Axel Tuanzebe,,27.43,17,16,1355.0,0,1,5,1,0.2,0.3,8,45,8,0.0,0.07,0.01,0.02,1.375,69.85,25.05,0.0,0.0,0.0,0.0,15.7,511,83.0,7878,90.8,82.0,57.5,4,49,2,0,45,11,0.73,2,0.13,28,16,24,8,13,6,7,21,749,75,318,336,101,6,10,40.0,60.0,322,703,8,6,1,11,1,392,8,12,11,0,6,41,12,16,42.9,1355.0,4300000.0
Bart Verbruggen,,22.67,31,31,2790.0,0,1,5,0,0.0,0.0,0,2,0,0.0,0.03,0.0,0.0,1.68,63.7,19.4,0.0,30.6,0.0,0.07,16.2,897,78.0,21210,99.2,98.2,47.0,1,16,1,0,2,5,0.16,1,0.03,0,0,3,3,1,0,1,0,1226,974,1213,13,0,0,2,100.0,0.0,824,1504,0,1,1,2,0,787,0,0,2,0,0,57,10,1,90.9,2700.0,32000000.0
Ben Davies,,31.99,11,10,901.0,0,0,3,0,0.3,0.2,7,43,5,0.0,0.0,0.03,0.02,1.375,69.85,25.05,0.0,25.0,0.1,0.0,12.9,662,90.1,12311,93.2,95.0,70.0,2,35,1,0,43,4,0.4,0,0.0,10,6,12,7,18,11,7,10,848,147,444,369,35,11,1,100.0,0.0,492,1323,7,5,0,4,0,577,5,11,3,0,2,30,39,33,54.2,901.0,5100000.0
Ben Johnson,,25.24,20,12,1222.0,1,2,3,0,1.1,1.3,15,25,31,0.07,0.15,0.08,0.09,1.375,69.85,25.05,0.0,42.9,0.22,0.14,12.6,279,71.2,4535,85.9,75.4,47.9,12,21,2,2,25,23,1.7,5,0.37,34,22,39,21,21,5,16,12,586,56,226,208,155,12,21,33.3,57.1,237,548,15,11,3,22,16,270,31,24,6,1,34,52,19,17,52.8,1222.0,12600000.0
Bernardo Silva,,30.69,28,24,2221.0,2,4,6,0,3.0,4.2,88,105,179,0.08,0.16,0.12,0.17,1.375,69.85,25.05,0.0,33.3,0.36,0.07,13.0,1216,86.6,18478,91.7,88.2,64.8,42,66,29,7,105,78,3.16,8,0.32,47,30,48,26,28,7,21,19,1620,38,279,638,720,126,54,46.3,42.6,1016,3294,88,56,30,19,30,1198,179,23,26,3,50,85,4,10,28.6,2131.0,51100000.0
Bernd Leno,,33.13,32,32,2880.0,0,1,4,0,0.0,0.1,0,0,0,0.0,0.03,0.0,0.0,1.34,68.2,15.6,0.0,30.6,0.0,0.07,16.2,971,80.8,23776,99.5,99.0,46.2,2,14,2,0,0,5,0.16,2,0.06,2,2,2,0,1,0,1,0,1259,1001,1250,9,0,0,0,45.0,44.3,829,1806,0,0,0,0,0,751,0,0,3,0,0,46,9,0,100.0,2880.0,16000000.0
Beto,,27.22,25,10,1129.0,6,0,2,0,6.1,0.8,12,9,58,0.48,0.0,0.48,0.06,1.375,69.85,25.05,0.0,50.0,1.36,0.18,13.4,114,57.3,1595,68.0,50.0,88.9,8,5,3,1,9,17,1.35,0,0.0,13,6,7,2,6,1,5,3,386,20,39,173,179,64,30,53.3,43.3,202,382,12,8,9,50,29,276,58,28,16,14,3,29,72,83,46.5,1101.0,24400000.0
Bilal El Khannouss,,20.95,27,22,1748.0,2,2,4,0,0.8,3.1,59,110,71,0.1,0.1,0.04,0.16,1.375,69.85,25.05,0.0,28.6,0.31,0.1,22.5,657,74.9,11744,85.5,80.5,57.1,29,75,25,5,110,55,2.84,4,0.21,44,24,21,8,17,3,14,5,1038,13,143,538,369,27,43,60.5,37.2,595,1699,59,37,9,32,30,695,71,25,8,0,71,75,18,16,52.9,1748.0,40600000.0
Boubacar Kamara,,25.41,21,15,1283.0,0,0,2,0,0.4,0.8,16,68,5,0.0,0.0,0.03,0.06,1.375,69.85,25.05,0.0,14.3,0.07,0.0,21.1,647,89.2,10054,93.6,91.0,54.5,10,74,8,0,68,23,1.61,2,0.14,46,19,49,23,16,6,10,15,876,85,269,507,106,8,22,36.4,31.8,452,1035,16,10,1,7,9,583,5,21,25,0,1,64,15,19,44.1,1202.0,45200000.0
Boubakary Soumaré,,26.14,25,21,1818.0,0,0,8,0,0.3,0.4,30,93,21,0.0,0.0,0.01,0.02,1.375,69.85,25.05,0.0,0.0,0.0,0.0,23.4,929,86.9,14175,92.3,87.4,72.0,11,90,13,2,93,34,1.68,3,0.15,32,17,30,12,15,6,9,24,1240,54,320,786,147,16,42,61.9,28.6,734,1785,30,16,3,20,21,867,21,20,18,0,8,126,16,8,66.7,1818.0,15300000.0
Brennan Johnson,,23.91,29,22,1969.0,11,3,5,0,9.8,2.3,56,66,186,0.5,0.14,0.45,0.1,1.375,69.85,25.05,0.0,37.7,0.91,0.21,11.4,428,71.7,5637,81.1,75.1,39.3,19,25,33,6,66,45,2.06,7,0.32,39,26,31,15,22,3,19,4,797,16,88,271,450,118,41,46.3,46.3,510,1378,56,20,32,23,16,587,186,25,22,9,50,58,7,20,25.9,1969.0,67000000.0
Bruno Fernandes,,30.61,31,31,2636.0,8,9,4,2,8.8,6.8,60,254,113,0.27,0.31,0.3,0.23,1.375,69.85,25.05,0.0,30.3,0.79,0.07,21.7,1421,74.9,25059,86.3,80.1,52.7,77,166,60,9,254,156,5.33,12,0.41,73,44,74,45,30,4,26,24,2245,58,379,1063,825,69,63,41.3,49.2,1300,3163,60,56,10,35,37,1566,113,26,37,2,162,182,20,26,43.5,2636.0,61200000.0
Bruno Guimarães,,27.42,33,33,2822.0,4,6,6,0,3.5,5.6,49,227,75,0.13,0.19,0.11,0.18,1.375,69.85,25.05,0.0,25.7,0.29,0.11,16.6,1250,82.1,20576,90.4,87.2,57.6,43,150,60,5,227,106,3.38,17,0.54,70,41,61,32,32,9,23,27,1883,70,392,983,529,60,67,44.8,31.3,1222,2941,49,38,9,50,73,1412,75,53,98,2,21,156,16,15,51.6,2661.0,82300000.0
Bryan Mbeumo,,25.7,33,33,2964.0,18,6,2,0,10.6,7.8,111,126,301,0.55,0.18,0.32,0.24,1.375,69.85,25.05,0.0,45.5,0.91,0.2,17.8,763,67.3,12217,79.5,73.1,38.3,63,52,55,16,126,129,3.92,17,0.52,41,26,29,12,21,3,18,14,1523,47,216,482,852,137,93,45.2,41.9,922,3041,111,62,64,87,38,1034,301,22,40,11,171,137,31,68,31.3,2874.0,57600000.0
Bukayo Saka,,23.62,19,16,1367.0,6,10,3,0,5.2,6.0,75,56,208,0.4,0.66,0.34,0.4,1.375,69.85,25.05,0.0,36.0,1.19,0.1,16.2,428,74.2,6693,89.0,72.5,48.8,43,12,30,10,56,92,6.06,21,1.38,23,13,20,10,17,0,17,2,780,6,43,175,569,127,82,45.1,40.2,492,1942,75,22,40,26,36,558,208,13,34,4,106,59,8,18,30.8,1366.0,113000000.0
Caleb Okoli,,23.77,18,12,1124.0,1,0,4,0,0.6,0.0,3,32,2,0.08,0.0,0.05,0.0,1.375,69.85,25.05,0.0,50.0,0.16,0.25,13.5,558,86.4,9738,91.3,91.0,55.4,0,21,1,0,32,4,0.32,0,0.0,25,14,18,7,24,14,10,15,804,152,450,324,35,10,0,45.0,44.3,467,1106,3,6,0,10,2,483,2,16,9,0,1,44,23,21,52.3,1124.0,16600000.000000002
Callum Hudson-Odoi,,24.45,27,24,2074.0,5,2,2,0,2.5,2.7,123,66,186,0.22,0.09,0.11,0.12,1.375,69.85,25.05,0.0,45.9,0.74,0.14,18.3,654,82.2,9550,92.4,81.6,50.0,44,35,30,10,66,94,4.08,11,0.48,18,13,14,5,10,0,10,13,976,14,104,310,585,72,59,55.9,30.5,609,3224,123,59,45,44,23,745,186,11,19,8,74,88,3,10,23.1,2074.0,25400000.0
Calvin Bassey,,25.3,30,29,2624.0,1,0,5,0,1.0,0.1,24,94,12,0.03,0.0,0.03,0.0,1.375,69.85,25.05,0.0,30.8,0.14,0.08,15.0,1635,89.4,28793,94.7,94.0,60.8,2,120,2,0,94,18,0.62,2,0.07,48,30,26,7,37,17,20,16,2088,275,1018,983,107,16,28,46.4,32.1,1332,3662,24,15,4,28,7,1444,12,20,30,2,5,143,38,30,55.9,2624.0,29900000.0
Cameron Archer,,23.75,30,13,1336.0,2,0,0,0,5.1,0.4,19,14,62,0.13,0.0,0.34,0.02,1.375,69.85,25.05,0.0,33.3,0.61,0.07,13.1,184,81.4,2410,86.0,91.1,55.6,3,6,7,0,14,17,1.15,0,0.0,11,7,9,7,5,1,4,2,350,15,56,157,140,48,29,44.8,51.7,203,498,19,9,14,32,24,245,62,16,12,7,3,33,8,27,22.9,1314.0,18600000.0
Cameron Burgess,,29.5,14,13,1215.0,0,1,0,0,0.7,0.5,2,36,3,0.0,0.07,0.05,0.04,1.375,69.85,25.05,0.0,11.1,0.07,0.0,9.7,503,80.6,9151,90.5,86.7,49.5,5,39,3,0,36,10,0.74,2,0.15,10,7,8,2,16,12,4,11,781,175,459,281,42,21,0,45.0,44.3,364,875,2,4,0,2,0,458,3,3,4,1,0,34,38,19,66.7,1215.0,1700000.0
Carlos Baleba,,21.29,29,26,2223.0,2,1,8,1,3.0,1.3,38,110,27,0.08,0.04,0.12,0.05,1.375,69.85,25.05,0.0,25.6,0.4,0.05,24.9,955,87.5,16142,92.8,91.3,63.8,20,102,23,2,110,60,2.43,4,0.16,67,37,69,27,42,9,33,39,1423,67,330,843,288,10,51,58.8,35.3,801,2441,38,39,2,34,33,863,27,37,42,0,8,163,37,21,63.8,2147.0,51000000.0
Carlos Soler,,28.3,28,14,1347.0,1,1,5,0,1.7,1.2,16,52,33,0.07,0.07,0.11,0.08,1.375,69.85,25.05,0.0,29.2,0.47,0.04,19.1,526,84.8,8198,94.4,85.3,52.8,14,41,11,0,52,46,3.08,2,0.13,13,10,22,16,19,6,13,8,735,27,171,382,187,22,18,44.4,50.0,334,708,16,16,4,11,14,501,33,24,17,0,31,63,9,11,45.0,1257.0,23300000.0
Casemiro,,33.15,21,15,1271.0,1,0,3,0,1.5,2.2,4,65,26,0.07,0.0,0.1,0.16,1.375,69.85,25.05,0.0,29.6,0.57,0.04,19.3,637,78.7,10614,86.3,83.9,60.9,19,64,19,6,65,48,3.4,3,0.21,74,43,64,25,33,10,23,12,1039,67,309,523,215,37,6,50.0,50.0,546,775,4,10,0,10,10,663,26,15,18,3,19,82,28,17,62.2,1271.0,11600000.0
Chris Richards,,25.06,20,18,1562.0,1,0,4,1,1.2,0.1,5,34,1,0.06,0.0,0.07,0.01,1.375,69.85,25.05,0.0,50.0,0.29,0.1,11.8,583,81.1,10347,89.2,90.3,44.2,2,20,0,0,34,7,0.4,2,0.12,42,27,38,15,35,13,22,10,935,111,513,371,56,15,6,16.7,83.3,433,850,5,5,0,5,5,525,1,11,4,1,1,48,33,35,48.5,1428.0,15700000.0
Chris Wood,,33.37,30,29,2434.0,18,3,1,0,11.0,2.0,13,33,74,0.67,0.11,0.41,0.07,1.375,69.85,25.05,0.0,58.0,1.07,0.3,14.6,265,66.6,3643,70.7,68.9,68.4,16,14,8,1,33,38,1.41,5,0.18,4,4,8,7,11,7,4,4,617,31,72,297,250,78,10,40.0,50.0,307,429,13,9,5,62,22,461,74,22,20,22,1,38,78,117,40.0,2434.0,7900000.0
Christian Eriksen,,33.18,18,10,903.0,0,1,3,0,0.2,2.4,8,41,24,0.0,0.1,0.02,0.24,1.375,69.85,25.05,0.0,0.0,0.0,0.0,25.0,479,80.5,7970,93.1,80.8,49.0,21,44,6,1,41,40,3.98,6,0.6,15,7,18,11,10,4,6,7,672,21,143,335,198,11,3,0.0,100.0,379,569,8,8,0,8,4,444,24,7,2,0,61,53,2,5,28.6,903.0,3900000.0
Christian Nørgaard,,31.11,29,29,2369.0,5,2,5,1,3.6,0.8,12,122,34,0.19,0.08,0.14,0.03,1.375,69.85,25.05,0.0,33.3,0.42,0.15,15.0,985,81.7,16310,87.0,86.2,59.3,15,120,22,3,122,47,1.79,9,0.34,72,44,67,25,47,18,29,42,1526,153,530,724,287,50,12,50.0,33.3,697,1141,12,11,4,28,18,916,34,37,26,1,13,173,40,29,58.0,2279.0,10800000.0
Christopher Nkunku,,27.43,27,9,921.0,3,2,2,0,4.8,2.1,17,25,68,0.29,0.2,0.47,0.21,1.375,69.85,25.05,0.0,44.0,1.07,0.12,12.6,299,89.5,3928,91.6,92.2,100.0,14,26,7,0,25,34,3.32,4,0.39,12,8,8,2,9,2,7,7,448,10,52,183,217,52,27,37.0,51.9,280,628,17,16,13,18,17,356,68,16,11,3,4,29,16,22,42.1,921.0,51300000.0
Cody Gakpo,,25.95,29,17,1501.0,8,3,4,0,6.0,3.5,41,48,219,0.48,0.18,0.36,0.21,1.375,69.85,25.05,0.0,38.6,1.02,0.18,15.4,381,76.4,5401,86.4,68.2,57.1,30,21,23,6,48,61,3.66,6,0.36,24,12,22,11,18,2,16,8,693,20,65,202,440,80,47,57.4,31.9,461,1635,41,27,18,34,17,520,219,16,20,5,56,58,13,20,39.4,1501.0,67700000.0
Cole Palmer,,22.96,31,30,2652.0,14,8,6,0,15.8,9.2,96,184,159,0.48,0.27,0.54,0.31,1.375,69.85,25.05,0.0,35.8,1.32,0.1,20.3,954,76.6,18125,85.4,84.8,58.9,75,136,56,15,184,175,5.94,13,0.44,24,15,21,13,14,1,13,7,1555,17,120,687,768,122,98,43.9,40.8,983,3133,96,64,34,56,30,1148,159,12,54,6,128,89,1,7,12.5,2652.0,117400000.0
Conor Coady,,32.15,16,13,1174.0,0,0,2,0,0.0,0.1,2,26,0,0.0,0.0,0.0,0.0,1.375,69.85,25.05,0.0,30.6,0.0,0.07,16.2,660,90.7,11491,96.9,96.6,54.1,1,29,2,0,26,4,0.31,0,0.0,11,8,4,2,23,17,6,11,826,156,446,368,13,3,2,50.0,50.0,547,1234,2,2,1,4,2,605,0,5,2,1,0,42,12,15,44.4,1174.0,2300000.0
Craig Dawson,,34.96,15,10,971.0,0,0,2,0,0.5,0.0,6,20,5,0.0,0.0,0.05,0.0,1.375,69.85,25.05,0.0,20.0,0.09,0.0,8.5,484,86.6,9745,92.5,93.0,60.0,2,22,1,0,20,7,0.65,2,0.19,15,3,15,3,16,11,5,9,671,130,396,249,28,14,5,20.0,40.0,390,938,6,1,0,2,0,443,5,6,5,2,0,35,21,11,65.6,971.0,1500000.0
Cristian Romero,,26.98,17,17,1371.0,1,0,2,0,1.5,0.6,12,66,3,0.07,0.0,0.1,0.04,1.375,69.85,25.05,0.0,53.3,0.53,0.07,9.2,1057,89.1,19768,91.1,94.5,63.5,7,105,8,1,66,20,1.31,4,0.26,33,27,28,9,18,3,15,21,1333,157,586,689,69,21,4,25.0,50.0,873,2777,12,18,0,8,5,908,3,12,12,2,3,85,40,26,60.6,1371.0,60000000.0
Curtis Jones,,24.22,27,16,1414.0,3,3,3,1,4.1,1.0,21,83,67,0.19,0.19,0.26,0.06,1.375,69.85,25.05,0.0,41.4,0.76,0.1,15.6,798,93.3,11606,97.0,93.0,73.7,19,58,16,0,83,40,2.55,7,0.45,33,17,22,8,15,7,8,5,1011,26,155,533,329,50,16,62.5,31.3,612,1318,21,14,5,22,29,759,67,15,21,0,6,74,13,12,52.0,1414.0,61600000.0
Daichi Kamada,,28.71,29,12,1248.0,0,0,3,1,0.9,1.6,23,71,50,0.0,0.0,0.07,0.12,1.375,69.85,25.05,0.0,25.0,0.29,0.0,19.9,479,79.2,7616,87.5,81.9,55.6,17,39,13,2,71,41,2.96,3,0.22,40,23,36,24,17,3,14,16,759,18,163,394,207,26,13,30.8,53.8,372,897,23,16,4,13,18,488,50,24,17,2,23,63,3,12,20.0,1198.0,15100000.0
Dan Burn,,32.95,32,32,2880.0,0,0,9,0,1.3,0.8,9,54,9,0.0,0.0,0.04,0.02,1.375,69.85,25.05,0.0,21.1,0.12,0.0,10.5,1524,89.2,27536,91.1,94.7,61.6,7,30,7,0,54,19,0.59,3,0.09,32,18,31,15,31,22,9,25,2037,325,1158,788,96,44,4,75.0,25.0,1160,2298,9,4,1,21,3,1371,9,27,11,4,2,87,122,61,66.7,2700.0,8400000.0
Dango Ouattara,,23.19,30,19,1843.0,7,4,2,0,8.2,5.2,73,41,184,0.34,0.2,0.4,0.25,1.375,69.85,25.05,0.0,33.9,0.98,0.12,13.4,339,59.8,5400,72.4,62.2,39.1,31,20,23,9,41,65,3.18,6,0.29,31,23,38,22,33,8,25,8,885,55,148,285,470,123,74,48.6,43.2,455,1612,73,32,37,55,30,535,184,15,17,13,80,83,41,57,41.8,1775.0,28200000.0
Daniel Muñoz,,28.9,32,32,2778.0,4,4,9,0,4.6,3.9,48,79,176,0.13,0.13,0.15,0.13,1.375,69.85,25.05,0.0,37.5,0.39,0.13,12.3,967,75.4,14781,85.5,76.5,44.8,36,51,29,12,79,68,2.2,8,0.26,107,68,85,37,33,3,30,37,1732,105,486,724,540,85,48,37.5,58.3,667,1402,48,32,15,49,18,818,176,47,18,13,58,144,53,73,42.1,2598.0,28900000.0
Danny Welbeck,,34.4,26,20,1762.0,9,4,4,0,8.0,1.1,20,38,77,0.46,0.2,0.41,0.06,1.375,69.85,25.05,0.0,38.5,1.02,0.17,15.1,332,83.6,3883,85.9,87.1,100.0,17,14,11,0,38,41,2.09,6,0.31,22,13,17,11,15,1,14,5,597,13,46,256,300,86,35,34.3,57.1,354,714,20,20,7,42,23,439,77,10,20,2,3,35,15,23,39.5,1686.0,5900000.0
Dara O'Shea,,26.13,29,29,2582.0,0,2,6,0,1.1,0.5,3,68,6,0.0,0.07,0.04,0.02,1.375,69.85,25.05,0.0,10.5,0.07,0.0,13.7,1049,77.5,20962,86.1,84.9,50.4,3,78,2,1,68,19,0.66,3,0.1,40,25,28,11,56,45,11,31,1727,334,994,629,109,46,2,50.0,50.0,767,1664,3,2,0,11,4,986,6,15,21,3,5,96,97,71,57.7,2582.0,21800000.0
Darwin Núñez,,25.82,25,8,1010.0,5,2,8,0,5.0,1.2,20,25,67,0.45,0.18,0.44,0.11,1.375,69.85,25.05,0.0,38.7,1.07,0.16,14.3,144,70.2,2149,80.4,72.9,66.7,9,9,2,0,25,24,2.13,4,0.36,18,15,15,10,6,0,6,3,326,10,43,110,183,60,21,38.1,57.1,175,492,20,16,10,21,17,216,67,26,14,11,2,37,15,29,34.1,1010.0,59700000.0
David Raya,,29.59,32,32,2880.0,0,0,2,0,0.0,0.0,0,11,0,0.0,0.0,0.0,0.0,0.84,76.5,34.4,0.0,30.6,0.0,0.07,16.2,874,73.5,20908,99.2,98.5,37.6,0,38,1,0,11,4,0.12,1,0.03,0,0,2,2,0,0,0,2,1242,730,1164,78,0,0,1,100.0,0.0,766,2304,0,0,0,1,0,707,0,1,7,0,0,31,10,0,100.0,2880.0,28700000.0
Dean Henderson,,28.11,33,33,2970.0,0,0,3,0,0.0,0.1,0,0,0,0.0,0.0,0.0,0.0,1.36,67.4,30.3,50.0,0.0,0.0,0.0,14.9,653,61.5,17831,99.4,99.4,30.7,2,18,1,0,0,3,0.09,0,0.0,2,1,6,4,0,0,0,0,1144,930,1140,3,1,1,0,45.0,44.3,658,1876,0,0,0,2,0,498,0,0,0,0,0,25,11,1,91.7,2790.0,22700000.0
Dean Huijsen,,20.02,27,22,2054.0,2,1,7,0,1.7,2.0,35,107,10,0.09,0.04,0.08,0.09,1.375,69.85,25.05,0.0,11.8,0.09,0.12,12.3,1120,84.0,22710,89.2,91.4,62.0,14,138,7,2,107,38,1.67,3,0.13,33,23,25,10,33,25,8,49,1672,217,764,799,118,29,5,40.0,60.0,911,3579,35,23,0,16,1,1025,10,26,9,2,12,91,61,41,59.8,1964.0,56300000.0
Declan Rice,,26.26,30,28,2410.0,2,6,6,1,2.6,6.3,82,162,82,0.07,0.22,0.1,0.23,1.375,69.85,25.05,0.0,25.6,0.37,0.05,19.7,1183,83.1,20305,92.6,89.9,48.2,51,117,31,5,162,95,3.55,8,0.3,46,19,35,20,21,10,11,23,1675,64,277,797,618,65,25,44.0,52.0,890,3026,82,53,14,36,24,1102,82,18,15,1,150,122,28,21,57.1,2410.0,116400000.0
Dejan Kulusevski,,24.99,28,24,2170.0,7,4,3,0,4.1,6.1,115,118,201,0.29,0.17,0.17,0.25,1.375,69.85,25.05,0.0,37.2,0.66,0.16,14.7,615,73.5,8625,86.1,77.6,40.3,63,59,52,6,118,122,5.06,9,0.37,40,23,47,30,25,3,22,12,1183,21,134,394,679,146,107,32.7,59.8,774,3092,115,66,37,72,70,841,201,40,33,5,88,111,9,11,45.0,2170.0,60300000.0
Destiny Udogie,,22.39,23,22,1744.0,0,1,2,0,0.3,1.4,51,117,92,0.0,0.05,0.02,0.07,1.375,69.85,25.05,0.0,20.0,0.05,0.0,15.1,915,87.5,13224,91.2,90.6,81.5,15,86,6,1,117,33,1.7,3,0.15,71,44,45,13,37,5,32,19,1287,57,353,572,376,48,30,40.0,50.0,714,2187,51,38,11,31,19,778,92,29,36,2,19,103,13,13,50.0,1744.0,59400000.0
Diogo Dalot,,26.09,31,31,2756.0,0,3,5,0,2.0,2.0,62,99,161,0.0,0.1,0.07,0.07,1.375,69.85,25.05,0.0,21.7,0.16,0.0,15.6,1321,80.6,21289,89.9,81.9,56.0,25,59,23,8,99,73,2.38,5,0.16,65,38,51,18,21,9,12,37,1938,113,653,761,541,66,50,52.0,40.0,1098,2658,62,37,16,36,20,1170,161,40,9,4,63,164,37,21,63.8,2756.0,37500000.0
Diogo Jota,,28.38,21,13,1043.0,6,3,2,0,6.8,1.8,35,31,83,0.52,0.26,0.59,0.16,1.375,69.85,25.05,0.0,31.7,1.12,0.15,12.7,188,68.6,2791,75.6,73.6,57.9,11,27,3,1,31,33,2.85,8,0.69,11,7,19,12,9,0,9,6,423,5,27,173,230,84,30,36.7,60.0,233,736,35,21,20,35,21,295,83,16,11,1,8,38,20,27,42.6,1043.0,58600000.0
Djed Spence,,24.7,19,14,1334.0,1,2,4,1,0.5,1.7,45,88,63,0.07,0.13,0.03,0.11,1.375,69.85,25.05,0.0,37.5,0.2,0.13,22.9,803,87.0,11315,94.5,87.1,55.6,10,63,15,6,88,24,1.62,4,0.27,38,29,24,5,22,9,13,17,1125,62,386,507,250,22,63,50.8,39.7,657,2089,45,38,6,23,22,713,63,17,23,2,19,82,16,11,59.3,1334.0,19200000.0
Dominic Calvert-Lewin,,28.1,22,19,1574.0,3,1,2,0,6.1,0.6,22,19,105,0.17,0.06,0.35,0.04,1.375,69.85,25.05,0.0,37.0,0.97,0.07,12.3,174,62.6,2035,70.0,58.3,37.5,7,19,5,1,19,25,1.43,4,0.23,9,7,6,4,6,2,4,6,491,21,38,204,254,82,25,40.0,52.0,268,444,22,8,16,71,32,402,105,27,22,27,6,32,83,79,51.2,1574.0,17800000.0
Dominic Solanke,,27.6,23,23,2028.0,7,3,0,0,9.9,2.9,29,45,85,0.31,0.13,0.44,0.13,1.375,69.85,25.05,0.0,39.3,0.98,0.13,12.2,245,71.8,3296,76.3,77.1,66.7,14,27,9,0,45,37,1.64,8,0.36,18,11,12,8,17,7,10,0,616,31,66,283,273,106,48,33.3,60.4,365,786,29,20,14,65,45,431,85,36,35,5,4,35,41,54,43.2,2028.0,51000000.0
Dominik Szoboszlai,,24.48,30,24,2120.0,5,3,6,0,6.8,5.0,63,106,115,0.21,0.13,0.29,0.21,1.375,69.85,25.05,0.0,29.3,0.72,0.09,18.1,960,84.3,14859,88.9,88.1,71.8,41,71,30,4,106,95,4.03,12,0.51,29,19,37,22,33,4,29,9,1362,21,174,662,544,89,35,54.3,37.1,704,1993,63,44,17,34,20,932,115,35,21,4,32,112,17,20,45.9,2120.0,70500000.0
Dwight McNeil,,25.41,16,13,1157.0,3,4,1,0,0.9,3.8,32,61,66,0.23,0.31,0.07,0.29,1.375,69.85,25.05,0.0,34.8,0.62,0.13,22.0,378,73.1,7197,85.9,81.4,53.8,33,33,33,10,61,61,4.75,7,0.54,11,6,19,11,7,0,7,5,625,3,64,269,307,19,38,55.3,42.1,362,957,32,29,4,22,25,419,66,6,13,1,91,64,3,14,17.6,1145.0,27000000.0
Eberechi Eze,,26.81,29,27,2275.0,3,8,1,0,7.9,4.7,65,85,140,0.12,0.32,0.31,0.19,1.375,69.85,25.05,0.0,25.6,0.91,0.03,21.7,691,74.4,11549,85.3,83.2,43.2,51,45,31,3,85,116,4.59,9,0.36,37,22,35,18,25,0,25,11,1264,13,168,598,528,83,123,48.0,46.3,754,2151,65,43,21,52,44,824,140,10,45,9,99,126,6,36,14.3,2174.0,62200000.0
Ederson,,31.67,22,22,1960.0,0,4,3,0,0.0,1.5,0,1,0,0.0,0.18,0.0,0.07,1.15,68.5,31.8,0.0,30.6,0.0,0.07,16.2,693,88.1,17056,100.0,98.3,65.7,4,20,1,0,1,6,0.28,4,0.18,0,0,2,2,0,0,0,1,833,587,824,9,0,0,0,45.0,44.3,563,1671,0,0,0,1,0,529,0,1,0,0,0,37,4,1,80.0,1960.0,19500000.0
Edson Álvarez,,27.49,25,19,1633.0,0,1,8,1,0.3,0.8,21,75,18,0.0,0.06,0.02,0.04,1.375,69.85,25.05,0.0,9.1,0.06,0.0,26.7,763,85.7,12894,88.8,89.7,73.5,11,80,11,3,75,25,1.38,2,0.11,44,23,33,18,21,8,13,16,1101,61,323,612,174,12,31,45.2,38.7,603,1528,21,20,2,25,13,734,18,37,18,4,6,78,28,20,58.3,1633.0,36700000.0
Elliot Anderson,,22.45,31,27,2227.0,1,6,6,0,1.6,3.1,36,112,77,0.04,0.24,0.07,0.12,1.375,69.85,25.05,0.0,15.2,0.2,0.03,19.8,844,78.1,13378,89.0,80.5,46.0,33,84,16,2,112,74,2.99,10,0.4,76,49,90,49,41,8,33,25,1435,79,337,676,450,55,67,49.3,38.8,716,1821,36,27,15,51,34,846,77,37,50,4,69,170,37,20,64.9,2227.0,46200000.0
Emerson Palmieri,,30.71,28,24,1930.0,2,1,5,0,2.0,1.5,43,60,76,0.09,0.05,0.09,0.07,1.375,69.85,25.05,0.0,43.8,0.33,0.13,19.0,789,79.7,11550,89.6,80.2,43.4,16,45,12,5,60,41,1.91,2,0.09,55,29,41,18,30,7,23,19,1220,75,391,516,328,25,30,33.3,56.7,501,1602,43,23,8,22,7,678,76,22,13,0,61,83,15,18,45.5,1851.0,12700000.0
Emile Smith Rowe,,24.73,29,23,1827.0,5,2,2,0,4.1,1.1,50,116,109,0.25,0.1,0.2,0.05,1.375,69.85,25.05,0.0,25.0,0.39,0.16,15.4,819,90.0,11768,92.2,95.3,69.2,18,73,15,1,116,63,3.1,11,0.54,30,17,24,16,20,2,18,10,1090,20,149,518,433,52,33,48.5,45.5,710,1819,50,38,11,31,13,838,109,17,12,4,13,64,6,16,27.3,1827.0,40400000.0
Emiliano Martínez,,32.63,32,32,2790.0,0,0,4,0,0.0,0.5,0,3,0,0.0,0.0,0.0,0.02,1.39,65.9,15.6,50.0,30.6,0.0,0.07,16.2,953,79.6,24852,97.7,98.2,50.8,2,20,0,0,3,6,0.19,1,0.03,2,2,1,0,1,0,1,0,1255,947,1240,15,0,0,1,100.0,0.0,758,2426,0,0,0,1,0,688,0,1,5,0,0,29,7,1,87.5,2700.0,23000000.0
Enzo Fernández,,24.25,30,26,2410.0,5,5,7,0,5.3,5.7,53,185,103,0.19,0.19,0.2,0.21,1.375,69.85,25.05,0.0,37.5,0.67,0.1,18.4,1321,80.3,23379,89.1,85.0,58.5,67,147,35,6,185,128,4.78,13,0.49,57,28,72,46,32,5,27,11,1909,31,296,966,659,72,43,48.8,34.9,1030,2326,53,50,8,26,26,1397,103,45,42,1,94,130,13,27,32.5,2410.0,74200000.0
Erling Haaland,,24.75,28,28,2480.0,21,3,2,0,20.8,2.8,19,18,103,0.76,0.11,0.76,0.1,1.375,69.85,25.05,0.0,54.5,1.96,0.19,12.2,225,66.0,2706,70.6,66.7,66.7,26,9,7,1,18,62,2.25,9,0.33,9,5,6,4,11,1,10,5,578,22,39,200,344,170,32,34.4,59.4,272,478,19,14,19,39,25,427,103,22,12,4,3,29,49,45,52.1,2480.0,199600000.0
Ethan Pinnock,,31.89,22,21,1913.0,2,0,2,0,1.1,1.2,3,41,9,0.09,0.0,0.05,0.05,1.375,69.85,25.05,0.0,60.0,0.28,0.2,11.1,924,85.6,17045,94.2,89.4,57.9,8,48,4,1,41,21,0.99,0,0.0,35,19,24,11,29,18,11,24,1348,294,783,457,109,24,9,33.3,66.7,633,1633,3,4,0,2,4,760,9,8,4,0,9,50,63,43,59.4,1913.0,7600000.0
Evanilson,,25.54,26,23,1903.0,9,0,0,0,11.0,1.5,25,19,86,0.43,0.0,0.52,0.07,1.375,69.85,25.05,0.0,45.2,1.32,0.15,12.9,190,68.8,2309,73.5,71.4,69.2,22,14,2,0,19,55,2.6,7,0.33,14,9,10,4,10,2,8,0,462,22,47,172,246,112,19,31.6,36.8,267,695,25,14,14,30,21,322,86,28,40,16,0,55,38,55,40.9,1813.0,26900000.0
Ezri Konsa,,27.49,29,28,2486.0,1,0,0,0,0.9,0.4,16,73,11,0.04,0.0,0.03,0.01,1.375,69.85,25.05,0.0,37.5,0.11,0.13,8.6,1339,92.7,22433,96.2,95.7,64.2,5,94,2,0,73,23,0.83,3,0.11,31,17,22,4,17,9,8,21,1653,201,771,792,98,19,17,41.2,41.2,973,2446,16,11,2,15,9,1157,11,6,41,0,5,86,27,21,56.3,2396.0,44300000.0
Fabian Schär,,33.33,29,28,2493.0,4,0,7,1,2.1,0.4,14,86,17,0.14,0.0,0.08,0.01,1.375,69.85,25.05,0.0,35.7,0.36,0.14,21.6,1392,83.3,27810,92.4,92.5,50.9,5,124,10,0,86,27,0.97,3,0.11,30,19,31,19,35,23,12,40,1953,233,1039,809,116,30,12,66.7,16.7,1229,3112,14,21,2,11,6,1357,17,31,12,4,9,121,36,59,37.9,2322.0,7500000.0
Facundo Buonanotte,,20.32,27,13,1399.0,4,2,7,0,3.6,3.0,37,49,63,0.26,0.13,0.23,0.2,1.375,69.85,25.05,0.0,32.3,0.64,0.13,17.8,413,77.1,6526,85.9,81.8,49.3,23,36,13,2,49,46,2.96,4,0.26,48,27,63,43,32,6,26,10,805,23,117,412,289,32,74,33.8,60.8,442,1261,37,26,8,51,37,491,63,33,32,3,40,74,14,31,31.1,1399.0,31100000.0
Flynn Downes,,26.25,22,20,1701.0,1,0,10,0,0.6,0.9,23,56,28,0.05,0.0,0.03,0.05,1.375,69.85,25.05,0.0,30.0,0.16,0.1,18.7,819,90.0,12056,92.9,92.4,67.4,14,50,10,0,56,28,1.48,2,0.11,41,22,31,18,21,5,16,30,1092,74,325,581,194,20,13,30.8,53.8,521,1495,23,19,4,12,17,779,28,44,31,0,3,69,11,12,47.8,1611.0,8500000.0
Gabriel Magalhães,,27.33,28,28,2363.0,3,1,4,0,2.6,0.9,10,126,11,0.11,0.04,0.1,0.03,1.375,69.85,25.05,0.0,22.7,0.19,0.14,9.5,1480,90.2,25788,96.9,94.2,53.9,13,145,8,0,126,35,1.33,6,0.23,25,15,16,4,42,29,13,16,1873,189,672,985,225,40,5,80.0,20.0,1116,2669,10,22,0,9,2,1366,11,19,19,0,9,63,53,37,58.9,2363.0,66500000.0
Gabriel Martinelli,,23.84,27,19,1794.0,6,4,1,0,5.1,4.3,102,41,235,0.3,0.2,0.26,0.22,1.375,69.85,25.05,0.0,44.7,0.85,0.16,12.4,387,70.2,5670,81.8,67.9,55.8,33,9,28,13,41,59,2.96,5,0.25,19,14,20,14,10,0,10,3,793,13,79,207,519,149,101,29.7,54.5,526,2139,102,27,51,44,33,595,235,14,17,8,76,66,13,28,31.7,1794.0,60000000.0
Georginio Rutter,,23.0,28,19,1656.0,5,3,2,0,4.6,2.5,42,67,79,0.27,0.16,0.25,0.14,1.375,69.85,25.05,0.0,24.0,0.65,0.1,15.5,237,66.8,3344,77.0,66.7,62.5,19,30,16,1,67,64,3.47,8,0.43,39,15,36,22,20,3,17,10,641,20,83,246,326,79,71,38.0,47.9,361,1405,42,36,16,45,37,411,79,34,45,7,9,66,25,46,35.2,1656.0,41200000.0
Guglielmo Vicario,,28.53,20,20,1800.0,0,0,1,0,0.0,0.0,0,1,0,0.0,0.0,0.0,0.0,1.25,69.9,20.0,0.0,30.6,0.0,0.07,16.2,660,89.8,12698,99.1,97.4,53.1,0,1,0,0,1,3,0.15,0,0.0,0,0,0,0,0,0,0,1,782,522,767,15,0,0,1,100.0,0.0,566,1514,0,0,0,0,0,510,0,0,1,0,0,27,9,0,100.0,1800.0,41600000.0
Guido Rodríguez,,31.02,20,14,1018.0,0,0,5,0,0.2,0.1,2,31,5,0.0,0.0,0.02,0.01,1.375,69.85,25.05,0.0,12.5,0.09,0.0,27.8,419,84.1,7149,87.4,91.4,62.7,3,36,1,0,31,10,0.88,0,0.0,30,16,30,16,21,9,12,12,617,42,196,366,56,2,3,66.7,0.0,284,392,2,5,0,2,6,354,5,15,11,1,4,46,8,7,53.3,1018.0,13600000.0
Harry Maguire,,32.13,22,16,1418.0,1,0,7,0,1.4,0.3,6,42,5,0.06,0.0,0.09,0.02,1.375,69.85,25.05,0.0,36.4,0.25,0.09,8.1,788,86.3,14677,91.6,91.1,57.8,6,39,3,0,42,15,0.95,0,0.0,26,13,17,4,14,12,2,36,1085,133,541,497,60,35,5,40.0,60.0,640,1629,6,6,3,6,2,702,5,16,6,1,2,53,51,21,70.8,1418.0,13800000.0
Harry Winks,,29.21,22,17,1538.0,0,2,4,0,0.2,1.2,19,101,11,0.0,0.12,0.01,0.07,1.375,69.85,25.05,0.0,40.0,0.23,0.0,29.2,910,87.1,14101,92.2,91.2,57.9,17,110,7,5,101,39,2.28,3,0.18,24,11,30,17,19,7,12,9,1158,49,275,746,151,1,12,25.0,66.7,696,1522,19,13,0,13,8,827,11,9,13,0,34,106,8,6,57.1,1538.0,11500000.0
Harvey Barnes,,27.36,28,12,1337.0,9,4,0,0,6.2,3.4,68,63,143,0.61,0.27,0.41,0.23,1.375,69.85,25.05,0.0,33.3,1.08,0.19,14.1,362,78.9,5080,86.6,75.0,64.7,19,19,33,8,63,48,3.22,9,0.6,15,9,7,4,7,1,6,6,617,16,82,209,331,91,52,38.5,50.0,427,1845,68,37,38,22,17,488,143,10,18,4,32,44,5,13,27.8,1172.0,42600000.0
Ibrahima Konaté,,25.9,26,25,2140.0,1,2,5,0,1.6,1.0,21,99,2,0.04,0.08,0.07,0.04,1.375,69.85,25.05,0.0,14.3,0.08,0.07,10.4,1442,90.4,26603,93.6,95.1,54.7,10,116,8,0,99,27,1.14,7,0.29,35,24,33,10,27,15,12,11,1830,202,787,947,101,18,4,50.0,25.0,1086,2894,21,13,0,8,2,1322,2,24,17,0,0,74,67,28,70.5,2140.0,57200000.0
Idrissa Gana Gueye,,35.56,32,30,2615.0,0,3,8,0,1.0,1.7,23,123,21,0.0,0.1,0.04,0.06,1.375,69.85,25.05,0.0,15.4,0.14,0.0,25.3,1029,86.5,17461,90.4,90.5,74.6,19,126,10,3,123,56,1.93,3,0.1,119,70,82,31,43,9,34,38,1521,66,370,859,300,19,35,48.6,45.7,707,1417,23,24,4,28,33,866,21,48,39,0,6,170,22,15,59.5,2537.0,4500000.0
Igor,,27.2,12,9,903.0,0,0,4,0,0.0,0.2,9,44,0,0.0,0.0,0.0,0.02,1.375,69.85,25.05,0.0,0.0,0.0,0.0,14.1,628,92.1,11358,96.5,95.2,71.4,1,35,2,1,44,11,1.1,0,0.0,4,4,10,6,23,14,9,4,764,109,377,353,38,1,4,75.0,25.0,497,1782,9,14,0,1,0,568,0,9,6,0,2,40,8,6,57.1,903.0,25000000.0
Iliman Ndiaye,,25.12,28,25,2117.0,7,0,3,0,5.2,1.6,78,44,106,0.3,0.0,0.22,0.07,1.375,69.85,25.05,0.0,41.9,0.55,0.16,17.3,506,80.4,7654,85.8,85.6,69.4,17,34,14,5,44,58,2.47,5,0.21,47,25,44,25,24,4,20,17,941,32,194,387,408,74,132,46.2,47.0,542,2132,78,39,29,48,38,571,106,21,44,5,35,158,5,17,22.7,2039.0,24900000.0
Illia Zabarnyi,,22.63,31,30,2662.0,0,0,3,1,1.0,0.6,24,123,4,0.0,0.0,0.03,0.02,1.375,69.85,25.05,0.0,0.0,0.0,0.0,8.8,1199,81.6,25439,90.7,90.8,53.2,11,129,6,0,123,28,0.95,0,0.0,46,32,43,13,32,19,13,34,1772,207,825,901,65,11,8,62.5,25.0,1105,4267,24,20,0,14,3,1108,4,17,6,0,5,140,67,37,64.4,2572.0,55100000.0
Ismaila Sarr,,27.15,33,26,2364.0,7,4,4,0,8.3,6.9,63,76,160,0.27,0.15,0.31,0.26,1.375,69.85,25.05,0.0,53.3,0.91,0.16,13.6,431,66.5,6468,74.4,71.0,46.5,36,26,36,8,76,96,3.65,9,0.34,21,10,23,16,22,7,15,8,941,39,154,365,432,112,50,28.0,54.0,515,1807,63,41,24,61,41,638,160,12,48,11,47,97,31,46,40.3,2200.0,24900000.0
Issa Diop,,28.28,21,15,1339.0,0,0,2,0,0.5,0.1,6,25,3,0.0,0.0,0.04,0.01,1.375,69.85,25.05,0.0,40.0,0.13,0.0,10.7,663,87.5,12350,92.5,92.9,52.9,3,43,1,0,25,6,0.4,0,0.0,26,12,18,5,10,7,3,9,903,125,498,381,26,13,2,50.0,50.0,533,1216,6,2,0,9,2,617,3,10,4,0,1,45,20,12,62.5,1339.0,17900000.0
Jack Clarke,,24.41,26,9,960.0,0,4,2,0,1.0,1.9,27,30,47,0.0,0.37,0.09,0.18,1.375,69.85,25.05,0.0,14.3,0.19,0.0,19.4,246,76.6,4029,86.9,88.1,46.4,21,22,6,0,30,37,3.47,5,0.47,27,16,30,15,5,0,5,5,444,16,105,181,171,28,37,56.8,32.4,255,910,27,17,9,19,15,277,47,14,19,3,13,61,6,14,30.0,960.0,19400000.0
Jack Harrison,,28.41,29,21,1825.0,1,0,0,0,3.3,3.7,60,43,114,0.05,0.0,0.16,0.18,1.375,69.85,25.05,0.0,22.2,0.3,0.04,16.3,363,63.5,5736,81.4,69.3,33.0,31,25,23,9,43,52,2.56,4,0.2,30,21,40,26,18,2,16,8,836,30,141,290,412,62,70,31.4,58.6,459,1384,60,29,14,47,36,538,114,13,25,4,111,63,4,26,13.3,1747.0,17900000.0
Jack Hinshelwood,,20.02,21,19,1595.0,2,1,4,0,1.4,1.0,16,56,45,0.11,0.06,0.08,0.06,1.375,69.85,25.05,0.0,46.2,0.34,0.15,13.2,744,82.9,11331,91.5,83.6,52.1,12,29,8,2,56,30,1.69,2,0.11,25,18,24,14,7,3,4,14,1035,47,294,474,272,25,9,11.1,77.8,486,990,16,17,1,16,2,640,45,14,5,0,26,51,19,13,59.4,1505.0,9200000.0
Jack Stephens,,31.23,15,13,1074.0,0,0,2,2,0.3,0.2,14,49,1,0.0,0.0,0.03,0.01,1.375,69.85,25.05,0.0,33.3,0.08,0.0,12.1,729,92.2,12666,92.7,95.1,81.3,3,46,5,0,49,12,1.01,0,0.0,30,18,24,10,12,8,4,11,899,96,369,446,88,10,4,0.0,100.0,504,1114,14,11,1,1,3,641,1,12,3,1,0,37,6,6,50.0,984.0,1400000.0
Jacob Greaves,,24.6,19,19,1665.0,1,0,4,0,1.2,0.0,6,48,4,0.05,0.0,0.07,0.0,1.375,69.85,25.05,0.0,50.0,0.22,0.13,8.3,759,87.4,12401,93.0,92.1,41.3,2,55,1,0,48,12,0.65,0,0.0,27,13,22,8,27,19,8,17,1064,222,582,426,60,15,2,50.0,50.0,503,909,6,8,0,7,2,673,4,9,16,1,0,42,54,36,60.0,1665.0,25400000.0
Jacob Murphy,,30.15,30,26,2018.0,8,11,3,0,5.5,7.8,66,61,187,0.36,0.49,0.25,0.35,1.375,69.85,25.05,0.0,38.5,0.67,0.21,17.9,562,68.5,8423,84.4,67.2,41.7,36,45,32,13,61,68,3.04,12,0.54,22,15,30,14,31,0,31,11,1056,20,157,399,511,76,60,50.0,46.7,621,1978,66,30,23,28,33,755,187,11,11,3,93,86,4,15,21.1,1893.0,17900000.0
Jacob Ramsey,,23.9,25,17,1425.0,1,3,2,0,1.4,2.1,55,62,102,0.06,0.19,0.09,0.13,1.375,69.85,25.05,0.0,23.5,0.25,0.06,16.1,456,85.2,5995,91.8,83.2,70.6,18,29,19,1,62,48,3.03,7,0.44,29,15,18,9,20,3,17,7,692,12,130,243,330,64,38,57.9,23.7,455,1549,55,30,19,38,20,527,102,12,23,5,10,71,6,10,37.5,1406.0,45700000.0
Jadon Sancho,,25.07,26,18,1610.0,3,4,1,0,1.9,3.4,91,81,203,0.17,0.22,0.11,0.19,1.375,69.85,25.05,0.0,27.3,0.34,0.14,15.1,603,83.1,8109,89.5,84.2,50.0,34,23,43,0,81,63,3.52,10,0.56,10,6,12,7,9,0,9,2,878,11,111,260,517,113,92,46.7,40.2,586,2246,91,32,54,26,19,685,203,6,11,5,21,90,5,10,33.3,1610.0,36200000.0
Jake O'Brien,,23.93,16,13,1211.0,2,0,4,0,0.7,0.6,7,39,24,0.15,0.0,0.05,0.04,1.375,69.85,25.05,0.0,60.0,0.22,0.4,11.5,409,75.3,7324,87.6,75.6,60.8,6,36,8,5,39,14,1.04,0,0.0,19,13,20,7,14,4,10,3,685,56,272,283,132,18,9,33.3,55.6,281,496,7,5,2,5,5,341,24,10,3,3,17,46,31,22,58.5,1121.0,19700000.0
James Garner,,24.1,16,12,1144.0,0,1,3,0,0.3,1.3,9,33,22,0.0,0.08,0.02,0.1,1.375,69.85,25.05,0.0,28.6,0.16,0.0,24.1,382,71.4,6627,82.3,81.2,44.2,11,34,5,2,33,28,2.2,4,0.31,34,23,32,15,14,3,11,16,662,29,168,314,186,9,14,42.9,57.1,299,461,9,12,1,10,7,340,22,16,12,0,47,58,10,8,55.6,1054.0,23200000.0
James Justin,,27.15,30,30,2526.0,2,1,5,0,1.5,0.5,36,80,90,0.07,0.04,0.05,0.02,1.375,69.85,25.05,0.0,25.0,0.21,0.08,16.0,1014,77.5,15620,86.4,83.9,33.9,12,66,21,7,80,31,1.1,1,0.04,47,29,49,22,38,12,26,41,1660,130,581,736,353,36,28,32.1,42.9,737,1522,36,25,4,30,12,913,90,19,34,2,52,74,57,46,55.3,2526.0,16399999.999999998
James Maddison,,28.41,30,20,1764.0,9,6,6,0,5.8,4.1,43,160,92,0.46,0.31,0.3,0.21,1.375,69.85,25.05,0.0,43.6,0.87,0.23,16.7,1001,81.3,16292,90.9,86.0,45.9,39,121,32,5,160,92,4.7,17,0.87,30,18,28,19,15,4,11,11,1438,25,207,677,567,76,74,41.9,44.6,1010,2227,43,39,19,23,24,1112,92,31,63,4,95,73,5,7,41.7,1764.0,57300000.0
James Tarkowski,,32.42,33,33,2922.0,1,1,6,0,1.3,2.8,9,75,3,0.03,0.03,0.04,0.09,1.375,69.85,25.05,0.0,26.7,0.12,0.07,8.4,1044,81.0,22112,84.4,91.9,62.7,16,83,11,0,75,38,1.17,4,0.12,64,40,39,15,57,42,15,41,1705,354,973,635,106,57,7,71.4,28.6,727,1943,9,10,0,13,7,927,3,35,28,2,1,98,102,33,75.6,2871.0,15500000.0
Jamie Vardy,,38.27,30,30,2421.0,7,3,5,0,9.4,2.9,27,20,104,0.26,0.11,0.35,0.11,1.375,69.85,25.05,0.0,40.8,0.74,0.12,11.8,225,67.4,3208,74.4,79.1,68.8,18,9,9,1,20,40,1.49,9,0.33,18,13,11,7,8,4,4,3,511,26,52,232,232,99,20,45.0,50.0,244,619,27,11,14,31,12,331,104,19,19,23,10,32,46,47,49.5,2421.0,1200000.0
Jan Bednarek,,29.02,27,27,2261.0,2,0,7,0,0.7,0.5,4,57,1,0.08,0.0,0.03,0.02,1.375,69.85,25.05,0.0,40.0,0.08,0.4,16.0,1472,92.5,25977,95.5,94.4,76.0,5,70,0,0,57,16,0.64,0,0.0,35,18,30,15,43,32,11,52,1917,345,1001,883,40,16,3,100.0,0.0,973,1608,4,5,1,9,3,1229,1,30,11,0,1,101,66,33,66.7,2171.0,13000000.0
Jan Paul van Hecke,,24.87,30,29,2598.0,1,1,8,1,1.3,1.5,52,209,5,0.03,0.03,0.04,0.05,1.375,69.85,25.05,0.0,31.3,0.17,0.06,14.1,1794,87.9,35362,92.9,93.1,65.4,13,203,16,4,209,48,1.66,3,0.1,39,25,37,17,32,19,13,23,2316,245,987,1195,153,30,10,40.0,40.0,1533,6601,52,44,0,12,7,1628,5,22,22,0,11,119,73,48,60.3,2509.0,41900000.0
Jannik Vestergaard,,32.71,18,16,1391.0,0,0,5,0,0.1,0.1,3,32,2,0.0,0.0,0.01,0.01,1.375,69.85,25.05,0.0,66.7,0.13,0.0,9.7,870,90.7,14697,95.0,93.7,59.3,3,34,1,0,32,7,0.45,0,0.0,22,10,15,6,21,14,7,16,1092,196,572,497,28,10,4,100.0,0.0,672,1458,3,3,0,2,0,757,2,12,4,0,0,46,26,19,57.8,1391.0,2000000.0
Jarrad Branthwaite,,22.81,26,24,2168.0,0,1,4,0,1.0,0.6,9,54,1,0.0,0.04,0.04,0.02,1.375,69.85,25.05,0.0,37.5,0.12,0.0,8.0,789,81.2,15487,89.1,90.7,53.6,2,71,2,0,54,12,0.5,2,0.08,33,18,25,7,28,20,8,23,1262,181,667,546,56,22,5,60.0,20.0,599,1990,9,13,2,8,3,723,1,8,14,1,2,77,48,34,58.5,2078.0,32900000.0
Jarrod Bowen,,28.33,29,29,2541.0,9,5,1,0,7.3,5.4,92,84,176,0.32,0.18,0.26,0.19,1.375,69.85,25.05,0.0,41.1,1.06,0.11,17.7,488,71.4,8051,83.4,77.4,52.4,45,37,40,6,84,97,3.44,11,0.39,36,23,37,20,21,3,18,16,1064,24,121,388,578,145,113,35.4,56.6,627,2171,92,41,50,66,66,694,176,17,46,8,95,117,9,41,18.0,2456.0,48400000.0
Jean-Clair Todibo,,25.3,22,15,1395.0,0,0,2,0,0.2,0.0,9,27,4,0.0,0.0,0.01,0.0,1.375,69.85,25.05,0.0,0.0,0.0,0.0,14.6,711,87.6,12653,92.8,94.7,45.8,2,37,1,0,27,5,0.32,0,0.0,35,21,28,6,21,11,10,20,983,136,558,400,34,9,13,53.8,46.2,561,1278,9,6,0,8,7,670,4,10,5,0,2,57,23,23,50.0,1305.0,36100000.0
Jean-Philippe Mateta,,27.81,32,30,2431.0,13,2,2,0,12.0,3.0,36,45,114,0.48,0.07,0.45,0.11,1.375,69.85,25.05,0.0,40.7,0.89,0.19,15.3,267,65.0,3528,76.3,62.7,31.8,26,30,14,1,45,54,2.0,7,0.26,17,12,16,13,16,3,13,2,675,24,57,326,306,86,41,41.5,48.8,359,879,36,20,8,67,41,498,114,27,26,17,23,59,58,95,37.9,2302.0,31700000.0
Jean-Ricner Bellegarde,,26.81,30,18,1479.0,2,6,3,0,1.3,3.6,46,35,80,0.12,0.37,0.08,0.22,1.375,69.85,25.05,0.0,25.0,0.3,0.1,21.7,401,79.4,6195,89.7,80.8,58.8,26,27,15,7,35,53,3.23,10,0.61,32,18,18,6,17,3,14,10,718,23,126,325,283,41,58,22.4,53.4,442,1345,46,34,10,36,23,496,80,29,39,1,37,55,8,18,30.8,1479.0,21300000.0
Jefferson Lerma,,30.48,28,22,1940.0,0,1,8,0,1.0,1.5,11,83,24,0.0,0.05,0.05,0.07,1.375,69.85,25.05,0.0,29.2,0.32,0.0,19.4,742,75.2,12959,86.7,80.6,45.2,9,77,16,2,83,41,1.9,3,0.14,27,13,31,16,31,15,16,34,1219,91,381,631,217,26,12,50.0,33.3,566,956,11,10,0,13,15,713,24,32,35,0,9,136,39,38,50.6,1811.0,12800000.0
Jens Cajuste,,25.69,25,22,1694.0,1,0,2,0,0.5,0.6,23,45,15,0.05,0.0,0.03,0.03,1.375,69.85,25.05,0.0,10.0,0.05,0.1,21.3,554,82.7,9184,89.1,85.8,50.9,11,45,5,1,45,30,1.59,1,0.05,39,19,46,27,22,8,14,24,871,54,246,459,179,11,43,55.8,30.2,393,1124,23,20,3,19,12,498,15,21,21,0,9,93,12,20,37.5,1694.0,15400000.0
Jeremy Doku,,22.9,24,14,1290.0,3,4,1,0,1.0,3.5,172,62,231,0.21,0.28,0.07,0.25,1.375,69.85,25.05,0.0,37.5,0.63,0.13,18.2,511,79.5,7164,86.4,82.0,66.7,24,10,41,5,62,61,4.26,10,0.7,28,19,14,7,10,1,9,4,868,4,40,203,648,120,171,56.1,28.1,668,3986,172,81,78,50,50,719,231,7,29,5,47,51,0,10,0.0,1277.0,66500000.0
Jesper Lindstrøm,,25.14,25,15,1239.0,0,1,2,0,2.1,2.0,30,25,81,0.0,0.07,0.15,0.15,1.375,69.85,25.05,0.0,35.7,0.73,0.0,21.0,297,69.4,4593,86.2,65.7,44.6,19,18,12,7,25,46,3.35,1,0.07,45,25,55,36,15,3,12,12,625,22,127,206,303,40,43,18.6,72.1,302,780,30,19,7,31,24,347,81,15,10,1,71,70,6,12,33.3,1239.0,24400000.0
Joachim Andersen,,28.89,23,23,2043.0,0,0,5,1,0.5,0.3,12,98,1,0.0,0.0,0.02,0.01,1.375,69.85,25.05,0.0,23.1,0.13,0.0,17.7,1334,82.5,29648,91.8,93.2,55.8,3,159,4,1,98,24,1.06,2,0.09,24,17,19,6,26,20,6,30,1870,272,974,836,70,15,6,66.7,0.0,1091,2465,12,8,1,4,3,1302,1,15,13,0,6,94,53,33,61.6,2043.0,32900000.0
Joe Aribo,,28.75,30,20,1909.0,3,0,1,0,2.7,1.6,35,71,64,0.14,0.0,0.13,0.07,1.375,69.85,25.05,0.0,41.2,0.33,0.18,14.0,878,88.5,13041,91.3,90.9,68.9,16,50,4,1,71,37,1.75,1,0.05,44,30,34,17,24,9,15,20,1203,46,288,632,294,44,46,39.1,47.8,708,1923,35,28,12,25,16,879,64,20,28,1,10,110,25,21,54.3,1909.0,8000000.0
Joelinton,,28.68,29,29,2393.0,4,3,10,0,4.0,2.5,40,116,110,0.15,0.11,0.15,0.09,1.375,69.85,25.05,0.0,28.9,0.49,0.09,14.0,861,82.8,12180,87.7,86.8,60.0,23,80,17,2,116,61,2.29,9,0.34,57,35,44,19,37,7,30,23,1357,67,255,668,448,83,46,32.6,60.9,726,1781,40,26,9,39,53,931,110,58,35,7,16,148,58,46,55.8,2242.0,45700000.0
John McGinn,,30.5,29,24,1962.0,1,3,7,0,2.8,3.4,29,90,68,0.05,0.14,0.13,0.16,1.375,69.85,25.05,0.0,19.2,0.23,0.04,16.2,633,83.1,10641,91.5,86.8,59.8,27,60,28,7,90,66,3.03,6,0.28,30,21,26,15,19,2,17,12,952,25,149,513,300,50,43,39.5,27.9,526,1131,29,16,5,32,25,671,68,43,61,3,49,91,15,8,65.2,1891.0,21600000.0
Jordan Ayew,,33.61,25,15,1310.0,4,0,5,0,2.8,0.8,38,31,68,0.27,0.0,0.19,0.05,1.375,69.85,25.05,0.0,28.0,0.48,0.12,18.4,316,72.3,4618,85.7,73.5,35.6,12,20,11,6,31,30,2.06,1,0.07,24,13,19,13,14,0,14,12,649,18,89,331,251,46,52,36.5,51.9,389,1195,38,30,7,51,31,434,68,27,43,5,47,81,33,53,38.4,1310.0,4500000.0
Jordan Pickford,,31.12,33,33,2970.0,0,1,7,0,0.0,0.4,0,0,0,0.0,0.03,0.0,0.01,1.21,70.8,30.3,100.0,30.6,0.0,0.07,16.2,900,65.6,29031,99.2,98.4,46.3,2,66,8,0,0,12,0.36,2,0.06,1,0,2,1,0,0,0,1,1467,955,1402,66,0,0,0,45.0,44.3,821,2935,0,0,0,2,0,723,0,0,6,0,0,29,4,1,80.0,2880.0,23800000.0
Joshua Zirkzee,,23.91,32,14,1402.0,3,1,2,0,4.8,1.5,14,44,69,0.19,0.06,0.31,0.1,1.375,69.85,25.05,0.0,39.3,0.71,0.11,13.1,292,71.2,3600,78.1,74.4,50.0,12,26,6,0,44,31,1.99,3,0.19,14,8,10,5,15,4,11,6,587,16,71,303,219,56,35,31.4,68.6,327,523,14,21,4,41,30,418,69,9,13,3,4,57,21,54,28.0,1402.0,43300000.0
José Sá,,32.25,25,25,2250.0,0,0,2,0,0.0,0.1,0,2,0,0.0,0.0,0.0,0.01,1.76,61.5,24.0,20.0,30.6,0.0,0.07,16.2,482,62.4,12711,99.0,97.1,30.0,2,17,1,0,2,4,0.16,0,0.0,2,2,2,0,0,0,0,0,829,658,821,9,0,0,6,100.0,0.0,509,1964,0,0,0,1,0,402,0,3,8,0,0,29,8,0,100.0,2250.0,8600000.0
João Gomes,,24.18,30,30,2511.0,3,1,10,1,2.6,1.1,50,141,62,0.11,0.04,0.09,0.04,1.375,69.85,25.05,0.0,21.9,0.25,0.09,18.3,1144,85.2,16520,90.9,86.0,61.2,20,105,21,1,141,57,2.04,3,0.11,91,55,89,54,37,3,34,25,1662,55,357,911,416,38,50,44.0,44.0,868,2450,50,47,6,32,45,1106,62,62,36,1,25,163,9,22,29.0,2511.0,51100000.0
João Pedro,,23.56,27,23,1948.0,10,6,4,1,8.9,5.0,66,77,126,0.46,0.28,0.41,0.23,1.375,69.85,25.05,0.0,35.7,0.69,0.12,17.2,482,72.9,6877,78.8,75.1,65.9,30,42,36,5,77,72,3.32,9,0.42,16,12,11,7,12,0,12,9,940,12,60,388,506,122,86,33.7,54.7,611,1810,66,38,30,72,38,731,126,26,46,2,22,59,41,43,48.8,1888.0,61300000.0
Joël Veltman,,33.26,19,19,1643.0,0,0,4,0,0.5,0.5,29,79,32,0.0,0.0,0.03,0.03,1.375,69.85,25.05,0.0,16.7,0.05,0.0,19.7,716,80.0,12082,89.8,80.6,63.3,6,61,8,5,79,22,1.21,1,0.05,42,28,51,21,22,7,15,18,1097,64,327,540,240,10,15,26.7,33.3,524,1414,29,22,3,19,7,598,32,26,42,0,23,67,21,18,53.8,1643.0,5900000.0
Joško Gvardiol,,23.24,32,31,2827.0,5,0,1,0,4.2,2.0,77,232,96,0.16,0.0,0.13,0.06,1.375,69.85,25.05,0.0,31.4,0.35,0.14,13.3,2160,90.8,34937,94.3,92.8,68.4,25,210,19,1,232,66,2.1,6,0.19,50,34,36,17,38,18,20,35,2711,132,675,1348,710,82,39,59.0,33.3,1753,5179,77,89,13,24,16,1985,96,12,20,2,19,125,46,30,60.5,2737.0,77400000.0
Jurriën Timber,,23.84,29,26,2327.0,1,2,7,0,1.2,0.8,53,141,104,0.04,0.08,0.05,0.03,1.375,69.85,25.05,0.0,28.6,0.15,0.07,14.1,1118,85.1,16097,90.6,85.5,52.1,16,98,16,2,141,50,1.93,8,0.31,57,37,26,9,19,4,15,21,1575,50,283,807,492,66,53,45.3,45.3,837,1923,53,26,11,32,23,978,104,31,29,6,28,91,22,19,53.7,2327.0,62700000.0
Justin Kluivert,,25.96,29,25,2026.0,12,6,7,0,9.9,4.8,68,94,142,0.53,0.27,0.44,0.21,1.375,69.85,25.05,0.0,44.0,0.98,0.12,20.1,495,73.8,7749,83.1,76.0,55.1,44,40,31,6,94,92,4.08,11,0.49,21,9,19,15,20,0,20,13,937,23,91,314,552,114,81,40.7,46.9,553,2006,68,46,34,46,24,607,142,39,27,5,76,68,7,23,23.3,1936.0,44300000.0
Jørgen Strand Larsen,,25.2,30,27,2314.0,12,2,4,0,9.2,2.4,14,25,96,0.47,0.08,0.36,0.09,1.375,69.85,25.05,0.0,64.6,1.21,0.25,11.8,257,64.1,3319,71.9,63.4,73.3,19,16,4,1,25,38,1.48,4,0.16,9,6,23,19,17,4,13,4,647,32,80,307,261,96,15,46.7,53.3,304,425,14,12,7,83,31,469,96,42,17,14,5,41,60,91,39.7,2314.0,30300000.0
Kai Havertz,,25.86,21,21,1839.0,9,3,4,0,9.4,2.4,34,59,110,0.44,0.15,0.46,0.12,1.375,69.85,25.05,0.0,40.4,1.03,0.17,11.7,401,78.5,4833,84.1,82.5,45.5,16,26,8,1,59,41,2.01,3,0.15,16,9,15,11,22,4,18,6,768,31,88,282,403,103,38,23.7,63.2,411,922,34,23,18,42,22,575,110,36,21,14,11,39,62,73,45.9,1839.0,70000000.0
Kalvin Phillips,,29.38,18,14,1214.0,0,0,6,1,0.4,0.2,4,49,4,0.0,0.0,0.03,0.02,1.375,69.85,25.05,0.0,20.0,0.15,0.0,24.2,426,79.3,8392,82.9,86.6,62.1,5,48,6,1,49,17,1.26,3,0.22,34,19,38,23,35,6,29,19,722,60,220,388,118,4,12,41.7,50.0,302,541,4,5,0,24,10,383,4,28,19,0,18,68,7,21,25.0,1214.0,17300000.0
Kamaldeen Sulemana,,23.18,21,12,1045.0,1,1,0,0,1.3,0.7,53,23,69,0.09,0.09,0.11,0.06,1.375,69.85,25.05,0.0,31.8,0.6,0.05,18.1,224,78.9,3297,89.1,83.1,42.3,9,6,10,6,23,26,2.24,3,0.26,15,13,12,5,9,0,9,5,460,12,61,171,248,45,86,37.2,55.8,301,1327,53,34,20,36,21,325,69,16,10,2,24,50,6,20,23.1,972.0,18500000.0
Kaoru Mitoma,,27.92,32,28,2493.0,8,3,1,0,8.1,4.4,135,81,274,0.29,0.11,0.29,0.16,1.375,69.85,25.05,0.0,45.3,0.87,0.15,14.2,694,75.6,9034,86.8,71.0,44.9,35,33,32,8,81,83,3.0,8,0.29,41,24,44,27,46,3,43,13,1283,15,147,444,720,153,126,38.1,57.9,771,3578,135,76,54,49,22,900,274,39,23,5,69,92,24,26,48.0,2467.0,49200000.0
Keane Lewis-Potter,,24.16,33,31,2714.0,1,3,5,0,2.6,3.0,92,87,144,0.03,0.1,0.08,0.1,1.375,69.85,25.05,0.0,51.9,0.46,0.04,20.5,858,77.2,14166,89.4,78.9,50.3,22,56,40,14,87,65,2.16,8,0.27,44,26,42,16,24,9,15,19,1414,93,428,543,460,69,94,40.4,50.0,747,2890,92,61,34,42,18,835,144,14,27,4,67,131,26,33,44.1,2639.0,27300000.0
Kenny Tete,,29.53,16,15,1271.0,0,2,3,0,1.0,0.7,33,42,39,0.0,0.14,0.07,0.05,1.375,69.85,25.05,0.0,11.1,0.14,0.0,16.4,576,81.6,9210,91.5,80.0,63.9,5,53,6,4,42,23,1.63,3,0.21,41,27,28,11,19,6,13,28,881,48,273,383,232,26,17,47.1,23.5,460,1126,33,17,7,16,10,511,39,23,13,0,19,50,15,11,57.7,1271.0,13400000.0
Kepa Arrizabalaga,,30.55,26,26,2340.0,0,0,3,0,0.1,0.0,0,2,0,0.0,0.0,0.0,0.0,1.27,75.0,26.9,0.0,0.0,0.0,0.0,9.7,618,71.8,17014,98.0,98.1,47.0,1,8,0,0,2,4,0.15,0,0.0,1,0,1,1,1,0,1,0,912,670,886,25,1,1,1,100.0,0.0,521,1477,0,0,0,0,0,406,0,2,5,0,0,46,6,1,85.7,2250.0,11400000.0
Kevin De Bruyne,,33.81,23,15,1366.0,3,7,2,0,3.4,7.2,42,124,129,0.2,0.46,0.22,0.47,1.375,69.85,25.05,0.0,25.5,0.79,0.06,22.2,723,75.7,12327,84.9,76.7,58.6,45,73,48,10,124,93,6.12,11,0.72,13,6,18,15,8,0,8,6,1100,10,67,376,666,64,30,40.0,46.7,648,1751,42,42,16,23,24,835,129,14,14,5,103,47,4,13,23.5,1279.0,20400000.0
Kevin Schade,,23.39,33,21,1931.0,7,2,3,0,6.2,3.4,54,32,140,0.33,0.09,0.29,0.16,1.375,69.85,25.05,0.0,42.2,0.89,0.16,11.9,279,58.7,4367,68.6,60.4,42.9,19,29,9,3,32,46,2.15,8,0.37,34,23,20,8,14,2,12,5,757,37,124,207,441,121,75,34.7,57.3,381,1234,54,26,33,48,33,468,140,19,31,13,36,71,75,62,54.7,1845.0,29700000.0
Kieran Trippier,,34.58,22,12,1102.0,0,1,1,0,0.1,0.7,21,78,38,0.0,0.08,0.01,0.06,1.375,69.85,25.05,0.0,0.0,0.0,0.0,22.2,813,81.4,13992,94.2,85.4,45.5,16,53,10,1,78,44,3.59,3,0.25,32,19,32,13,8,3,5,11,1110,42,332,493,293,10,7,57.1,42.9,498,1037,21,11,3,9,7,672,38,13,9,2,62,57,19,10,65.5,949.0,4500000.0
Kobbie Mainoo,,20.0,19,15,1294.0,0,0,5,0,0.5,1.5,19,54,36,0.0,0.0,0.04,0.11,1.375,69.85,25.05,0.0,10.0,0.07,0.0,20.2,589,86.4,7845,91.7,88.6,74.3,13,45,9,0,54,25,1.74,1,0.07,37,24,33,13,15,2,13,17,859,17,166,487,213,30,41,48.8,46.3,532,1036,19,12,9,25,30,609,36,24,19,2,4,72,16,25,39.0,1294.0,54800000.0
Konstantinos Mavropanos,,27.36,29,19,1854.0,0,0,5,1,1.5,0.5,16,58,2,0.0,0.0,0.07,0.02,1.375,69.85,25.05,0.0,29.4,0.24,0.0,15.0,961,85.7,18932,91.1,92.1,57.7,4,59,4,1,58,14,0.68,0,0.0,32,22,25,11,21,15,6,38,1361,204,707,602,60,22,17,52.9,29.4,745,2069,16,10,1,12,0,887,2,16,14,3,2,65,55,23,70.5,1849.0,19100000.0
Kristoffer Ajer,,27.01,20,17,1388.0,0,0,4,0,0.8,1.2,27,52,42,0.0,0.0,0.05,0.08,1.375,69.85,25.05,0.0,37.5,0.19,0.0,10.2,481,78.2,7524,86.8,79.7,49.1,8,41,7,4,52,18,1.17,2,0.13,24,16,26,12,17,4,13,12,761,51,255,353,158,35,16,43.8,50.0,371,1160,27,11,2,15,12,474,42,11,6,1,14,41,27,22,55.1,1363.0,21500000.0
Kyle Walker,,34.9,15,9,970.0,0,0,3,0,0.1,0.4,12,64,11,0.0,0.0,0.01,0.04,1.375,69.85,25.05,0.0,40.0,0.19,0.0,27.7,724,87.7,11928,94.6,91.3,51.2,7,63,7,4,64,17,1.58,0,0.0,17,10,26,12,13,4,9,3,892,26,197,473,228,5,6,50.0,33.3,499,1106,12,13,0,9,2,630,11,6,5,1,14,46,9,7,56.3,970.0,4900000.0
Kyle Walker-Peters,,28.02,31,31,2738.0,0,2,5,0,0.7,2.7,110,132,132,0.0,0.07,0.02,0.09,1.375,69.85,25.05,0.0,26.3,0.16,0.0,18.5,1420,88.1,21377,93.8,89.8,61.6,23,112,29,4,132,59,1.94,7,0.23,43,28,33,17,25,14,11,17,1916,140,578,834,519,57,82,39.0,45.1,1192,4164,110,68,23,30,35,1354,132,26,48,2,51,125,10,20,33.3,2648.0,16600000.000000002
Leandro Trossard,,30.38,32,23,2091.0,5,5,4,1,5.6,5.0,69,85,185,0.22,0.22,0.24,0.22,1.375,69.85,25.05,0.0,28.8,0.73,0.08,16.6,563,73.8,9263,84.9,76.2,51.9,35,36,41,9,85,74,3.18,6,0.26,25,16,29,20,25,0,25,9,1025,14,114,315,612,122,69,42.0,44.9,647,1785,69,46,26,48,38,755,185,23,39,5,77,87,5,20,20.0,2091.0,31800000.0
Leif Davis,,25.27,30,29,2532.0,1,2,5,0,0.9,4.3,47,55,117,0.04,0.07,0.03,0.15,1.375,69.85,25.05,0.0,14.3,0.07,0.07,20.4,846,71.3,14609,85.9,77.3,37.3,54,30,26,11,55,85,3.02,4,0.14,45,26,46,17,24,8,16,24,1448,114,513,477,477,36,37,35.1,45.9,654,1924,47,27,10,36,14,766,117,24,30,3,148,110,32,22,59.3,2532.0,28400000.0
Leny Yoro,,19.43,17,10,967.0,0,0,5,0,0.7,0.0,16,43,4,0.0,0.0,0.07,0.0,1.375,69.85,25.05,0.0,20.0,0.09,0.0,8.6,593,92.5,9603,95.4,94.7,65.0,0,39,2,1,43,5,0.47,0,0.0,23,10,15,6,5,3,2,17,749,70,351,349,51,10,3,33.3,66.7,516,1352,16,10,1,2,2,552,4,8,1,1,1,32,11,13,45.8,967.0,66200000.0
Leon Bailey,,27.7,23,14,1138.0,1,2,3,0,1.7,1.5,57,35,121,0.08,0.16,0.14,0.12,1.375,69.85,25.05,0.0,21.4,0.47,0.04,17.3,273,70.7,4275,81.4,81.1,47.4,16,16,20,2,35,38,3.01,4,0.32,6,4,10,8,6,0,6,3,539,18,76,155,318,69,57,38.6,42.1,344,1334,57,22,33,35,25,386,121,12,18,3,34,59,6,9,40.0,1138.0,38600000.0
Lesley Ugochukwu,,21.07,22,14,1357.0,1,1,5,0,0.8,1.0,24,47,19,0.07,0.07,0.05,0.07,1.375,69.85,25.05,0.0,11.1,0.07,0.11,18.3,509,85.0,7861,87.9,92.2,56.3,13,50,6,1,47,22,1.46,1,0.07,46,22,32,15,25,9,16,12,746,39,172,428,152,22,25,68.0,28.0,408,1016,24,12,6,9,9,509,19,26,14,0,5,56,16,16,50.0,1267.0,27100000.0
Levi Colwill,,22.15,29,29,2609.0,1,1,7,0,1.0,1.1,12,121,9,0.03,0.03,0.04,0.04,1.375,69.85,25.05,0.0,21.4,0.1,0.07,10.4,2036,89.6,36960,92.9,95.0,57.7,14,138,7,3,121,36,1.24,3,0.1,36,24,25,9,31,22,9,30,2506,308,1158,1237,120,29,8,62.5,37.5,1416,3574,12,11,1,11,7,1835,9,37,17,4,13,97,73,46,61.3,2609.0,59800000.0
Lewis Cook,,28.21,32,29,2707.0,1,3,8,0,0.9,4.1,33,152,48,0.03,0.1,0.03,0.14,1.375,69.85,25.05,0.0,28.6,0.13,0.07,23.4,1128,76.6,19646,84.7,84.8,45.4,47,149,25,10,152,86,2.86,5,0.17,76,41,65,30,28,10,18,40,1768,80,412,928,447,19,17,58.8,41.2,778,2099,33,28,4,29,16,886,48,46,10,3,125,178,40,34,54.1,2662.0,19500000.0
Lewis Dunk,,33.41,23,21,1903.0,0,0,5,0,0.7,0.5,20,137,3,0.0,0.0,0.03,0.03,1.375,69.85,25.05,0.0,20.0,0.09,0.0,13.4,1659,90.7,30977,96.5,94.8,62.7,6,153,6,0,137,18,0.85,3,0.14,16,9,18,8,24,16,8,12,1980,238,937,950,105,18,1,0.0,100.0,1247,3159,20,17,0,6,3,1455,3,7,8,2,4,99,47,28,62.7,1813.0,7100000.0
Lewis Hall,,20.61,27,24,2189.0,0,4,3,0,0.4,4.3,41,123,80,0.0,0.16,0.02,0.18,1.375,69.85,25.05,0.0,9.1,0.04,0.0,18.8,1300,81.7,21999,91.3,85.1,51.5,34,114,17,5,123,63,2.59,6,0.25,58,41,74,34,33,18,15,18,1820,95,623,804,414,47,21,52.4,33.3,950,2358,41,22,13,33,20,1094,80,9,21,1,110,119,30,31,49.2,2189.0,36100000.0
Liam Delap,,22.19,31,29,2344.0,12,2,8,0,9.0,1.9,58,30,101,0.46,0.08,0.35,0.07,1.375,69.85,25.05,0.0,45.8,1.04,0.17,15.8,201,61.1,2808,70.0,63.4,40.9,20,16,6,0,30,60,2.31,7,0.27,10,7,14,12,8,0,8,2,619,28,72,257,308,85,77,48.1,41.6,406,1439,58,42,28,92,55,488,101,63,46,13,5,57,50,61,45.0,2344.0,33000000.0
Lisandro Martínez,,27.25,20,20,1751.0,2,1,7,0,1.3,1.1,23,117,7,0.1,0.05,0.07,0.06,1.375,69.85,25.05,0.0,35.3,0.31,0.12,15.9,1200,89.4,20292,94.2,93.0,55.2,9,91,18,2,117,26,1.34,2,0.1,40,24,36,15,22,8,14,32,1524,156,713,697,125,18,7,85.7,14.3,1017,3129,23,23,2,1,3,1069,7,22,7,0,9,81,16,13,55.2,1751.0,49200000.0
Lucas Bergvall,,19.21,25,10,1112.0,0,1,3,0,0.7,0.6,30,48,28,0.0,0.08,0.06,0.05,1.375,69.85,25.05,0.0,16.7,0.16,0.0,19.9,600,88.4,9970,92.6,90.8,75.0,11,50,7,3,48,21,1.7,4,0.32,36,19,30,13,16,7,9,22,833,34,174,452,220,20,44,47.7,43.2,506,1558,30,21,4,19,18,558,28,20,13,0,18,70,8,8,50.0,1112.0,31300000.0
Lucas Digne,,31.75,29,26,2151.0,0,4,3,0,0.8,4.1,21,51,135,0.0,0.17,0.03,0.17,1.375,69.85,25.05,0.0,23.1,0.13,0.0,22.7,893,75.1,14338,88.2,78.7,37.7,34,41,27,17,51,59,2.47,5,0.21,60,34,58,18,23,4,19,25,1422,86,485,434,513,28,18,50.0,44.4,652,1253,21,14,4,17,15,778,135,18,13,7,136,95,32,26,55.2,2151.0,14800000.0
Lucas Paquetá,,27.65,29,25,2167.0,4,0,8,0,5.2,3.0,20,129,80,0.17,0.0,0.21,0.13,1.375,69.85,25.05,0.0,8.1,0.12,0.05,19.4,991,77.1,16320,83.7,79.0,62.0,34,114,41,4,129,75,3.12,6,0.25,61,35,47,23,27,4,23,16,1594,53,319,879,409,54,38,39.5,47.4,801,1163,20,30,2,49,48,1122,80,48,55,6,27,137,44,56,44.0,2077.0,73500000.0
Luis Díaz,,28.27,31,24,2061.0,11,5,2,0,9.1,4.4,101,98,259,0.48,0.22,0.4,0.19,1.375,69.85,25.05,0.0,41.9,1.14,0.18,13.9,662,84.3,10648,89.2,86.1,81.8,49,43,39,5,98,108,4.72,16,0.7,31,19,32,21,14,0,14,6,1053,14,73,366,633,150,106,45.3,44.3,696,2703,101,48,55,50,42,829,259,45,27,9,28,93,11,29,27.5,2061.0,69300000.0
Luke Woolfenden,,26.5,13,10,1007.0,0,0,2,0,0.0,0.0,7,15,0,0.0,0.0,0.0,0.0,1.375,69.85,25.05,0.0,0.0,0.0,0.0,12.9,437,87.9,8028,96.4,93.7,52.3,0,27,0,0,15,2,0.18,0,0.0,9,6,5,3,17,11,6,18,608,126,345,254,9,3,0,45.0,44.3,331,1111,7,3,0,4,0,389,0,5,2,1,0,33,15,11,57.7,1007.0,2000000.0
Mads Hermansen,,24.78,25,25,2205.0,0,0,1,0,0.0,0.0,0,1,0,0.0,0.0,0.0,0.0,2.2,64.1,4.0,25.0,30.6,0.0,0.07,16.2,602,61.2,15807,98.6,94.7,33.2,0,19,1,0,1,3,0.12,0,0.0,1,1,1,0,1,0,1,0,1050,756,1010,42,0,0,1,100.0,0.0,668,1790,0,0,0,1,0,571,0,0,2,0,0,14,4,1,80.0,2205.0,19200000.0
Mads Roerslev,,25.82,19,11,1101.0,0,2,2,0,0.2,3.0,17,51,54,0.0,0.16,0.02,0.24,1.375,69.85,25.05,0.0,40.0,0.16,0.0,20.8,422,78.7,6925,88.0,79.9,55.1,14,37,11,4,51,21,1.72,2,0.16,18,8,28,17,12,5,7,4,645,49,234,268,146,20,19,36.8,42.1,352,858,17,13,0,9,6,407,54,6,10,0,31,39,10,14,41.7,1101.0,8400000.0
Malo Gusto,,21.92,27,19,1776.0,0,1,4,0,1.7,1.2,47,112,81,0.0,0.05,0.08,0.06,1.375,69.85,25.05,0.0,14.3,0.15,0.0,21.2,1136,86.3,18576,93.4,88.0,61.1,20,104,17,6,112,55,2.79,4,0.2,43,28,46,22,28,8,20,22,1510,54,370,727,424,41,15,26.7,66.7,827,2110,47,32,8,15,17,1014,81,20,17,2,50,109,8,15,34.8,1776.0,36100000.0
Manuel Akanji,,29.75,21,20,1710.0,0,0,3,0,0.7,0.4,38,135,6,0.0,0.0,0.04,0.02,1.375,69.85,25.05,0.0,10.0,0.05,0.0,16.3,1395,93.9,22867,95.9,95.5,73.9,9,150,11,2,135,34,1.79,2,0.11,15,10,12,5,11,8,3,7,1598,108,472,776,352,11,2,100.0,0.0,1044,3286,38,52,0,4,5,1264,6,16,9,0,11,86,24,29,45.3,1707.0,43700000.0
Manuel Ugarte Ribeiro,,24.02,24,19,1532.0,1,0,9,0,0.8,0.6,9,49,18,0.06,0.0,0.05,0.03,1.375,69.85,25.05,0.0,18.8,0.18,0.06,22.0,650,87.1,10629,89.3,92.6,73.6,7,43,9,3,49,25,1.47,2,0.12,67,42,56,33,26,3,23,24,966,40,279,538,165,14,29,51.7,34.5,545,927,9,9,1,27,20,588,18,35,28,0,7,107,17,17,50.0,1532.0,60300000.0
Marc Cucurella,,26.75,30,27,2448.0,4,1,9,1,2.2,1.8,29,92,102,0.15,0.04,0.08,0.07,1.375,69.85,25.05,0.0,38.9,0.26,0.22,16.5,1396,87.7,21799,93.9,89.7,55.7,17,100,10,3,92,44,1.62,5,0.18,53,36,48,24,39,12,27,21,1841,91,556,838,454,65,13,30.8,53.8,784,1907,29,15,2,25,5,1153,102,31,31,3,28,106,25,48,34.2,2448.0,39600000.0
Marc Guéhi,,24.77,31,31,2789.0,3,2,9,1,1.7,1.2,22,124,8,0.1,0.06,0.05,0.04,1.375,69.85,25.05,0.0,50.0,0.19,0.25,9.8,1332,83.3,25500,91.5,88.7,55.3,12,123,10,3,124,37,1.19,5,0.16,55,30,43,14,53,22,31,24,1928,281,960,847,132,28,14,78.6,14.3,1025,2735,22,17,1,15,15,1192,8,22,26,1,13,133,65,50,56.5,2609.0,48900000.0
Marcos Senesi,,27.95,14,12,1008.0,0,0,5,0,0.8,0.2,12,51,5,0.0,0.0,0.07,0.02,1.375,69.85,25.05,0.0,0.0,0.0,0.0,6.0,493,76.7,10211,88.0,85.9,50.0,3,73,12,3,51,16,1.43,1,0.09,35,21,30,16,14,6,8,11,778,64,345,375,67,12,9,55.6,44.4,482,1464,12,14,0,5,5,492,5,19,7,0,10,67,23,27,46.0,1008.0,20300000.0
Marcus Rashford,,27.47,15,12,978.0,4,1,2,0,1.7,2.1,20,21,79,0.37,0.09,0.16,0.19,1.375,69.85,25.05,0.0,56.3,0.83,0.25,16.4,253,73.8,3508,83.6,65.9,50.0,15,13,16,8,21,29,2.67,1,0.09,7,4,9,6,8,0,8,4,440,3,35,189,222,34,39,23.1,66.7,293,728,20,19,12,14,6,341,79,8,7,7,27,24,5,7,41.7,978.0,58600000.0
Marcus Rashford,,27.47,9,3,369.0,1,2,0,0,1.6,2.1,20,13,40,0.24,0.49,0.38,0.51,1.375,69.85,25.05,0.0,26.7,0.98,0.07,19.8,110,71.0,1666,86.5,75.6,34.8,12,2,9,2,13,26,6.36,3,0.73,8,5,5,1,2,0,2,1,207,2,13,48,149,25,20,45.0,55.0,121,452,20,8,14,6,1,141,40,1,3,1,26,12,1,7,12.5,978.0,58600000.0
Marcus Tavernier,,26.08,24,16,1561.0,3,5,5,0,5.2,2.8,37,99,103,0.17,0.29,0.3,0.16,1.375,69.85,25.05,0.0,31.3,0.86,0.06,20.5,525,72.6,8934,86.3,78.2,43.6,36,61,29,9,99,82,4.73,10,0.58,38,23,25,16,14,2,12,4,942,18,104,354,504,49,47,42.6,51.1,534,1525,37,35,7,36,42,601,103,25,20,4,89,96,22,30,42.3,1531.0,24400000.0
Mario Lemina,,31.63,17,15,1364.0,1,3,4,0,1.4,1.1,8,48,21,0.07,0.2,0.09,0.07,1.375,69.85,25.05,0.0,27.8,0.33,0.06,21.9,493,80.4,9479,85.0,87.7,61.1,10,43,13,4,48,26,1.71,5,0.33,51,31,29,9,12,7,5,27,809,92,324,378,119,18,16,62.5,25.0,382,1038,8,12,2,21,11,482,21,17,8,4,10,73,25,16,61.0,1364.0,5200000.0
Mark Flekken,,31.85,32,32,2825.0,0,1,1,0,0.0,0.2,0,0,0,0.0,0.03,0.0,0.01,1.53,73.3,15.6,0.0,30.6,0.0,0.07,16.2,1113,73.3,32917,97.8,97.4,50.1,2,44,2,0,0,7,0.22,1,0.03,4,4,9,6,2,0,2,0,1616,1261,1569,52,0,0,1,100.0,0.0,986,2809,0,0,0,3,0,906,0,0,3,0,0,35,4,0,100.0,2735.0,13900000.0
Martin Ødegaard,,26.34,24,21,1865.0,2,4,4,0,4.2,4.2,67,198,126,0.1,0.19,0.2,0.2,1.375,69.85,25.05,0.0,30.6,0.53,0.03,18.5,964,82.4,14639,90.7,87.5,48.2,49,102,65,5,198,95,4.59,10,0.48,18,10,23,19,4,0,4,3,1319,6,89,556,688,85,48,41.7,56.3,896,2753,67,57,18,26,36,1039,126,10,19,1,75,77,8,7,53.3,1865.0,125800000.0
Mateo Kovačić,,30.96,27,21,1870.0,6,1,5,0,1.7,3.5,49,136,14,0.29,0.05,0.08,0.17,1.375,69.85,25.05,0.0,27.8,0.48,0.17,21.8,1468,92.7,22603,95.0,95.7,62.5,28,165,26,0,136,58,2.79,6,0.29,59,35,58,31,18,0,18,19,1789,43,260,1016,533,16,38,52.6,28.9,1204,3288,49,66,3,16,28,1448,14,22,21,0,0,104,9,7,56.3,1857.0,25300000.0
Mateus Fernandes,,20.78,31,29,2499.0,2,3,8,0,3.7,2.6,71,127,97,0.07,0.11,0.13,0.09,1.375,69.85,25.05,0.0,37.8,0.5,0.05,18.6,949,79.3,16109,87.5,85.3,54.3,30,85,21,4,127,68,2.45,6,0.22,78,43,58,31,35,3,32,19,1530,53,319,749,497,44,93,46.2,46.2,793,2860,71,64,8,47,30,953,97,40,48,3,102,155,13,9,59.1,2409.0,22500000.0
Matheus Cunha,,25.9,27,24,2164.0,14,4,3,0,7.3,6.7,94,115,138,0.58,0.17,0.3,0.28,1.375,69.85,25.05,0.0,40.9,1.5,0.16,20.7,649,70.4,10383,84.2,75.3,43.4,45,78,48,9,115,104,4.33,11,0.46,33,19,34,23,17,1,16,16,1286,21,157,591,585,108,119,43.7,44.5,727,2748,94,75,33,68,42,851,138,37,59,8,115,113,10,23,30.3,2164.0,62600000.0
Matheus Nunes,,26.65,22,15,1314.0,0,5,3,0,0.5,4.2,53,63,143,0.0,0.34,0.04,0.29,1.375,69.85,25.05,0.0,33.3,0.14,0.0,20.4,840,86.7,13093,91.5,88.5,68.2,21,42,23,6,63,36,2.47,6,0.41,26,17,29,17,12,3,9,12,1103,35,201,418,488,52,30,43.3,43.3,688,1907,53,24,22,25,10,799,143,27,14,5,34,57,13,13,50.0,1224.0,42300000.0
Matt Doherty,,33.26,25,21,1809.0,2,1,6,0,1.0,1.5,29,73,39,0.1,0.05,0.05,0.08,1.375,69.85,25.05,0.0,30.0,0.15,0.2,11.4,899,81.9,16650,89.7,86.3,60.5,11,85,13,1,73,24,1.19,3,0.15,35,19,21,7,24,15,9,21,1307,109,504,645,175,25,20,55.0,30.0,692,1952,29,19,4,11,5,821,39,17,11,2,18,91,46,19,70.8,1809.0,4000000.0
Matthijs de Ligt,,25.69,28,24,2089.0,2,0,3,0,2.5,0.3,7,55,6,0.09,0.0,0.11,0.01,1.375,69.85,25.05,0.0,50.0,0.39,0.11,7.9,1225,90.1,21549,94.1,94.5,50.5,6,63,2,1,55,14,0.6,1,0.04,30,22,32,9,29,21,8,33,1584,181,813,722,56,29,4,50.0,50.0,1063,2219,7,3,0,5,3,1142,6,16,12,2,6,66,57,29,66.3,2089.0,50800000.0
Matty Cash,,27.7,22,19,1650.0,1,1,6,0,0.3,1.1,43,38,67,0.05,0.05,0.02,0.06,1.375,69.85,25.05,0.0,40.0,0.22,0.1,19.0,585,78.7,9692,89.6,80.2,48.7,10,36,8,4,38,22,1.2,2,0.11,46,26,33,10,17,6,11,20,929,66,332,371,237,36,32,46.9,43.8,464,1504,43,33,4,17,6,528,67,24,14,1,27,56,17,18,48.6,1560.0,32799999.999999996
Matz Sels,,33.15,32,32,2880.0,0,0,2,0,0.0,0.0,0,1,0,0.0,0.0,0.0,0.0,1.19,74.5,40.6,0.0,30.6,0.0,0.07,16.2,430,50.6,16491,100.0,97.6,37.1,1,37,2,0,1,5,0.16,0,0.0,1,1,1,0,0,0,0,0,935,712,921,14,0,0,0,45.0,44.3,456,1401,0,0,0,0,0,364,0,0,10,0,0,9,14,2,87.5,2880.0,10200000.0
Max Kilman,,27.91,33,33,2898.0,0,1,4,0,1.4,1.1,28,104,5,0.0,0.03,0.04,0.04,1.375,69.85,25.05,0.0,18.2,0.06,0.0,8.4,1436,86.8,27840,92.4,92.5,58.0,15,96,3,0,104,26,0.81,3,0.09,30,17,23,4,54,37,17,36,2013,404,1121,812,95,28,18,72.2,5.6,1049,2739,28,10,2,13,2,1330,5,17,12,2,2,132,99,48,67.3,2808.0,39300000.0
Maxence Lacroix,,25.04,30,30,2666.0,1,1,5,0,2.8,0.8,8,58,7,0.03,0.03,0.1,0.03,1.375,69.85,25.05,0.0,20.0,0.17,0.04,11.8,1064,81.7,21929,85.0,90.7,55.7,6,64,2,1,58,26,0.88,4,0.14,66,39,47,15,40,15,25,49,1696,304,1037,594,72,36,13,61.5,23.1,904,1922,8,4,0,21,3,996,7,31,18,1,6,120,54,44,55.1,2486.0,25800000.0
Micky van de Ven,,24.0,11,10,905.0,0,2,4,0,0.6,1.2,8,47,1,0.0,0.2,0.06,0.12,1.375,69.85,25.05,0.0,33.3,0.2,0.0,11.1,659,90.9,12335,92.3,96.2,62.1,2,45,1,0,47,9,0.9,2,0.2,10,6,14,6,9,6,3,9,808,100,425,359,33,9,8,50.0,50.0,564,1301,8,10,1,5,4,587,1,10,7,0,0,59,18,16,52.9,905.0,62000000.0
Mikel Merino,,28.83,24,14,1345.0,6,1,2,0,3.9,1.4,9,60,83,0.4,0.07,0.26,0.09,1.375,69.85,25.05,0.0,40.0,0.8,0.2,10.9,399,78.1,5490,87.0,78.1,53.6,14,33,23,3,60,38,2.54,3,0.2,32,18,26,14,17,5,12,13,680,34,123,292,274,69,17,41.2,35.3,335,622,9,12,4,21,20,443,83,33,19,7,11,74,54,49,52.4,1345.0,39700000.0
Mikkel Damsgaard,,24.8,33,29,2495.0,2,10,2,0,2.6,7.3,61,206,115,0.07,0.36,0.09,0.26,1.375,69.85,25.05,0.0,22.6,0.25,0.06,17.1,952,72.8,16229,85.2,73.6,52.4,55,145,62,15,206,109,3.93,21,0.76,73,40,69,42,33,2,31,25,1616,33,291,736,611,69,89,51.7,37.1,920,2604,61,41,8,53,41,1075,115,15,26,6,119,152,12,25,32.4,2409.0,28600000.0
Milos Kerkez,,21.45,33,33,2897.0,2,5,4,0,0.5,3.3,89,141,161,0.06,0.16,0.02,0.1,1.375,69.85,25.05,0.0,29.4,0.16,0.12,20.4,1141,75.4,17883,89.3,78.1,36.8,30,79,34,22,141,74,2.3,9,0.28,49,26,36,14,33,11,22,38,1858,101,482,782,616,57,43,44.2,32.6,926,3158,89,62,15,42,18,1004,161,27,44,1,115,148,25,46,35.2,2807.0,61600000.0
Mohamed Salah,,32.85,32,32,2831.0,27,18,1,0,22.6,12.1,133,123,398,0.86,0.57,0.72,0.38,1.375,69.85,25.05,0.0,45.0,1.43,0.18,15.1,768,71.4,11535,83.7,70.2,60.7,73,47,78,13,123,139,4.42,24,0.76,20,11,14,7,10,0,10,6,1444,10,84,436,943,298,117,44.4,53.0,986,3140,133,54,107,99,59,1205,398,21,33,15,61,87,9,12,42.9,2831.0,18300000.0
Mohammed Kudus,,24.72,27,27,2241.0,3,2,1,1,6.2,2.3,88,70,188,0.12,0.08,0.25,0.09,1.375,69.85,25.05,0.0,29.2,0.76,0.05,15.6,619,83.5,10027,90.0,90.0,66.2,27,41,25,12,70,94,3.78,6,0.24,33,19,26,16,21,1,20,4,1099,11,149,452,535,111,177,43.5,46.9,718,2276,88,56,37,63,84,859,188,34,57,18,69,119,10,34,22.7,2167.0,63000000.0
Moisés Caicedo,,23.46,32,32,2811.0,1,2,9,0,0.7,2.9,37,180,32,0.03,0.06,0.02,0.09,1.375,69.85,25.05,0.0,17.6,0.1,0.06,25.0,1687,89.9,29272,92.2,92.9,77.9,27,204,30,2,180,85,2.72,7,0.22,94,58,74,28,41,9,32,42,2196,78,469,1348,402,12,48,39.6,37.5,1215,2711,37,24,2,31,21,1548,32,57,50,0,8,184,29,15,65.9,2811.0,82800000.0
Morgan Gibbs-White,,25.23,28,28,2288.0,5,7,8,1,4.3,4.4,62,139,112,0.2,0.28,0.17,0.17,1.375,69.85,25.05,0.0,34.0,0.67,0.1,16.7,821,78.5,12615,85.1,82.0,59.0,44,110,35,7,139,97,3.82,16,0.63,37,17,26,13,14,4,10,17,1350,30,159,675,537,83,71,39.4,46.5,760,2265,62,46,12,62,36,1015,112,31,34,7,36,111,34,43,44.2,2288.0,61700000.0
Morgan Rogers,,22.73,32,32,2678.0,8,8,8,0,6.2,6.5,102,111,166,0.27,0.27,0.21,0.22,1.375,69.85,25.05,0.0,36.5,0.64,0.15,15.8,595,73.7,8654,80.9,76.6,79.2,44,67,50,2,111,94,3.16,13,0.44,33,16,37,20,23,6,17,5,1205,35,178,523,529,131,145,41.4,45.5,707,2892,102,61,32,92,65,845,166,43,46,2,19,101,10,42,19.2,2597.0,79600000.0
Murillo,,22.79,31,31,2748.0,1,0,5,0,1.2,1.1,19,99,4,0.03,0.0,0.04,0.04,1.375,69.85,25.05,0.0,20.0,0.13,0.05,24.3,955,78.0,18878,91.0,87.1,47.8,12,108,11,1,99,34,1.11,1,0.03,44,32,41,18,64,42,22,29,1616,361,826,716,88,17,32,81.3,18.8,688,2135,19,24,1,18,9,818,4,23,4,0,12,123,34,19,64.2,2748.0,66000000.0
Myles Lewis-Skelly,,18.56,17,11,959.0,1,0,2,2,0.0,0.2,25,52,24,0.09,0.0,0.0,0.02,1.375,69.85,25.05,0.0,100.0,0.09,1.0,13.9,476,90.3,6986,95.5,89.5,64.7,5,51,6,0,52,18,1.69,0,0.0,21,14,9,0,1,0,1,6,618,16,113,334,183,12,24,50.0,33.3,346,1160,25,18,4,8,8,411,24,9,33,0,7,37,6,6,50.0,959.0,35700000.0
Nathan Collins,,23.97,33,33,2970.0,2,2,5,0,2.5,1.5,25,113,18,0.06,0.06,0.08,0.05,1.375,69.85,25.05,0.0,37.5,0.18,0.13,10.8,1501,85.8,28552,88.0,92.6,58.9,9,94,7,2,113,28,0.85,7,0.21,35,20,31,10,68,48,20,31,2139,341,1125,866,158,63,12,50.0,41.7,1122,3538,25,9,0,15,8,1303,18,24,25,6,7,145,103,57,64.4,2880.0,30700000.0
Neco Williams,,24.02,29,22,2054.0,1,2,5,0,2.2,1.4,53,70,77,0.04,0.09,0.1,0.06,1.375,69.85,25.05,0.0,18.8,0.26,0.03,19.7,630,75.3,9556,89.5,72.2,39.0,14,50,17,7,70,40,1.75,5,0.22,66,38,63,24,36,7,29,23,1189,126,425,428,350,35,39,38.5,43.6,481,1631,53,25,14,20,14,560,77,19,34,1,39,78,32,24,57.1,2054.0,22600000.0
Nick Pope,,33.0,23,23,2070.0,0,0,2,0,0.0,0.0,0,1,0,0.0,0.0,0.0,0.0,1.39,70.5,26.1,50.0,30.6,0.0,0.07,16.2,469,71.7,12096,99.0,98.4,41.7,0,2,0,0,1,4,0.17,0,0.0,0,0,0,0,1,0,1,1,732,586,722,10,0,0,0,45.0,44.3,379,1433,0,0,0,0,1,256,0,2,5,0,0,18,11,1,91.7,1890.0,11500000.0
Nicolas Jackson,,23.83,26,24,1948.0,9,5,7,0,12.1,4.1,43,32,107,0.42,0.23,0.56,0.19,1.375,69.85,25.05,0.0,43.1,1.43,0.13,12.6,255,74.6,3423,81.1,76.3,61.5,27,20,7,1,32,66,3.05,10,0.46,18,11,8,5,12,2,10,3,602,19,43,246,321,131,55,30.9,50.9,360,1204,43,23,28,56,35,439,107,26,27,18,3,41,17,33,34.0,1948.0,66900000.00000001
Nicolás Domínguez,,26.81,28,18,1567.0,0,0,8,0,1.4,1.3,12,60,24,0.0,0.0,0.08,0.07,1.375,69.85,25.05,0.0,38.9,0.4,0.0,19.0,669,87.1,9654,91.6,89.8,61.4,12,64,8,0,60,29,1.67,0,0.0,71,38,59,32,34,11,23,26,992,63,249,517,234,23,8,37.5,37.5,371,717,12,10,2,17,9,546,24,27,14,1,2,95,17,19,47.2,1567.0,18800000.0
Nikola Milenković,,27.52,31,31,2790.0,4,2,4,0,3.6,0.8,3,45,5,0.13,0.06,0.12,0.03,1.375,69.85,25.05,0.0,26.9,0.23,0.15,12.1,684,80.9,13625,86.7,87.0,60.2,7,44,2,0,45,18,0.58,3,0.1,42,26,27,6,36,21,15,23,1149,216,627,447,79,58,1,100.0,0.0,433,900,3,3,2,1,2,582,5,16,3,1,0,69,89,36,71.2,2790.0,40600000.0
Noni Madueke,,23.11,26,21,1601.0,7,3,3,0,7.9,3.9,122,60,194,0.39,0.17,0.44,0.22,1.375,69.85,25.05,0.0,37.7,1.46,0.1,14.6,420,78.2,6210,87.5,76.0,58.8,28,10,32,7,60,68,3.82,8,0.45,19,14,32,20,13,0,13,8,775,16,76,210,501,154,74,40.5,50.0,521,2767,122,41,74,40,23,598,194,20,21,4,51,62,9,14,39.1,1601.0,52300000.0
Noussair Mazraoui,,27.43,32,29,2475.0,0,1,2,0,0.6,1.3,34,98,44,0.0,0.04,0.02,0.05,1.375,69.85,25.05,0.0,25.0,0.11,0.0,20.8,1319,85.2,19726,91.2,88.9,51.4,16,106,17,5,98,45,1.64,1,0.04,95,55,81,34,31,8,23,33,1856,148,728,860,292,26,43,55.8,37.2,1027,2470,34,26,3,23,16,1119,44,35,20,3,20,131,42,25,62.7,2475.0,45300000.0
Nélson Semedo,,31.42,28,27,2415.0,0,4,7,0,0.7,2.6,60,64,100,0.0,0.15,0.03,0.1,1.375,69.85,25.05,0.0,42.9,0.22,0.0,23.8,895,79.9,13732,90.9,82.6,45.9,19,60,22,9,64,48,1.79,6,0.22,54,30,49,21,27,10,17,21,1426,112,414,648,382,23,58,44.8,41.4,725,2219,60,35,9,34,17,811,100,42,26,3,53,109,27,39,40.9,2415.0,8300000.000000001
Ola Aina,,28.53,30,30,2569.0,2,1,2,0,0.6,0.7,54,91,52,0.07,0.04,0.02,0.03,1.375,69.85,25.05,0.0,22.2,0.07,0.22,24.8,839,73.3,12948,88.1,72.8,36.1,11,78,15,7,91,50,1.75,3,0.11,53,40,58,24,32,12,20,30,1462,138,539,610,338,21,64,45.3,37.5,629,2328,54,35,10,39,21,691,52,21,32,2,42,160,12,18,40.0,2569.0,19300000.0
Ollie Watkins,,29.3,33,27,2248.0,15,7,1,0,14.6,2.9,49,27,143,0.6,0.28,0.59,0.12,1.375,69.85,25.05,0.0,42.1,1.28,0.17,12.2,275,73.7,3484,78.2,83.1,75.0,22,12,10,0,27,50,2.0,11,0.44,9,6,11,8,11,3,8,6,616,17,46,223,356,151,38,23.7,65.8,362,1027,49,21,34,51,44,482,143,26,29,10,7,39,46,61,43.0,2167.0,63200000.0
Omari Hutchinson,,21.47,27,26,2223.0,3,2,5,0,2.3,2.5,71,69,131,0.12,0.08,0.09,0.1,1.375,69.85,25.05,0.0,44.4,0.65,0.08,20.8,581,78.3,9129,88.2,84.6,52.7,23,43,20,9,69,64,2.59,6,0.24,30,11,45,32,24,1,23,10,1061,12,168,450,463,74,114,39.5,47.4,645,2288,71,35,30,68,55,748,131,28,36,4,56,90,6,22,21.4,2223.0,27600000.0
Orel Mangala,,27.09,19,14,1261.0,1,0,2,0,1.1,0.6,6,34,19,0.07,0.0,0.08,0.05,1.375,69.85,25.05,0.0,37.5,0.43,0.06,22.1,437,89.2,6998,90.5,94.9,76.7,8,50,8,1,34,24,1.72,1,0.07,16,8,8,3,8,3,5,21,621,22,133,335,157,13,24,58.3,37.5,298,576,6,6,3,12,12,406,19,24,17,2,6,49,6,8,42.9,1261.0,24400000.0
Pape Matar Sarr,,22.6,30,17,1511.0,3,2,6,0,3.2,1.5,29,75,43,0.18,0.12,0.19,0.09,1.375,69.85,25.05,0.0,42.9,0.71,0.11,21.3,769,87.2,11776,91.4,90.1,75.5,14,81,8,2,75,38,2.26,6,0.36,42,30,22,11,21,7,14,22,1059,32,225,597,255,23,25,44.0,48.0,674,1697,29,28,5,24,19,756,43,27,28,2,10,103,23,32,41.8,1511.0,50800000.0
Pau Torres,,28.26,19,19,1639.0,0,0,1,0,0.5,0.0,31,72,4,0.0,0.0,0.03,0.0,1.375,69.85,25.05,0.0,25.0,0.11,0.0,11.7,990,88.2,17143,94.4,93.2,48.7,1,92,7,0,72,12,0.66,2,0.11,20,14,15,6,14,10,4,9,1241,190,591,581,75,13,16,87.5,12.5,772,3343,31,19,0,3,3,882,4,6,7,0,1,53,15,21,41.7,1639.0,46100000.0
Paul Onuachu,,30.9,23,11,984.0,4,1,4,0,3.3,0.5,7,12,39,0.37,0.09,0.3,0.04,1.375,69.85,25.05,0.0,43.8,1.28,0.13,10.4,151,61.6,2131,63.6,61.3,63.2,8,13,2,0,12,9,0.82,1,0.09,7,2,7,4,6,1,5,1,409,15,41,220,151,60,25,28.0,56.0,198,237,7,5,2,46,33,335,39,26,15,9,0,17,87,54,61.7,916.0,12700000.0
Pedro Neto,,25.12,29,18,1743.0,3,4,8,0,2.5,5.4,101,49,200,0.15,0.21,0.13,0.28,1.375,69.85,25.05,0.0,29.2,0.72,0.06,19.1,558,78.8,9033,92.8,82.1,48.6,40,23,30,19,49,78,4.03,7,0.36,18,9,16,10,11,1,10,8,912,7,76,261,587,93,85,29.4,45.9,598,2549,101,48,36,35,24,671,200,17,26,3,113,62,9,23,28.1,1743.0,60400000.0
Pedro Porro,,25.6,30,25,2373.0,2,5,4,0,1.5,3.5,58,136,95,0.08,0.19,0.06,0.13,1.375,69.85,25.05,0.0,22.2,0.3,0.06,23.0,1252,73.4,21717,87.3,79.0,44.5,47,111,50,22,136,91,3.45,7,0.27,61,44,71,29,42,17,25,33,2024,122,610,732,694,29,33,33.3,60.6,1071,2489,58,37,5,23,16,1164,95,24,28,1,168,139,11,22,33.3,2373.0,55900000.0
Pervis Estupiñán,,27.24,26,22,2042.0,1,1,5,0,0.7,2.0,53,99,100,0.04,0.04,0.03,0.09,1.375,69.85,25.05,0.0,27.8,0.22,0.06,25.3,1154,83.9,17550,93.5,83.7,52.3,24,85,28,18,99,49,2.16,4,0.18,51,34,40,13,15,2,13,30,1620,67,408,807,420,28,28,50.0,46.4,850,2178,53,45,8,28,24,977,100,32,16,3,103,128,39,25,60.9,1952.0,35400000.0
Phil Foden,,24.9,25,19,1686.0,7,2,2,0,5.1,4.7,47,95,119,0.37,0.11,0.27,0.25,1.375,69.85,25.05,0.0,30.8,0.85,0.13,18.5,742,84.0,11563,90.6,89.2,59.6,42,40,35,5,95,84,4.48,9,0.48,12,5,17,10,12,1,11,9,1074,13,81,374,628,79,39,33.3,53.8,676,1674,47,30,15,35,30,840,119,5,31,3,73,58,3,8,27.3,1686.0,99800000.0
Radu Drăgușin,,23.21,16,14,1252.0,0,0,1,0,0.1,0.4,7,37,2,0.0,0.0,0.01,0.03,1.375,69.85,25.05,0.0,20.0,0.07,0.0,12.7,716,85.2,13638,91.0,93.0,43.9,4,52,2,1,37,8,0.58,1,0.07,10,6,12,6,22,16,6,15,961,148,510,430,30,12,2,0.0,0.0,623,1666,7,3,0,8,2,669,2,6,10,0,1,48,33,22,60.0,1252.0,28400000.0
Rasmus Højlund,,22.21,27,18,1585.0,3,0,2,0,3.3,1.2,25,16,80,0.17,0.0,0.19,0.07,1.375,69.85,25.05,0.0,39.1,0.51,0.13,13.5,204,77.3,2199,83.4,72.9,75.0,13,12,5,1,16,30,1.7,1,0.06,3,1,4,4,4,0,4,1,411,5,26,208,183,52,26,26.9,65.4,257,578,25,12,15,56,26,326,80,14,25,9,6,28,20,74,21.3,1585.0,60000000.0
Rayan Aït-Nouri,,23.87,31,31,2618.0,4,6,6,1,2.3,4.4,69,96,148,0.14,0.21,0.08,0.15,1.375,69.85,25.05,0.0,27.6,0.28,0.14,15.2,1197,84.4,16586,93.5,87.2,41.4,35,65,25,7,96,70,2.41,11,0.38,79,49,63,24,39,6,33,21,1767,82,488,755,545,74,100,49.0,37.0,916,2611,69,51,22,38,36,1064,148,26,33,4,72,129,18,26,40.9,2618.0,44000000.0
Raúl Jiménez,,33.96,32,24,1961.0,10,3,3,0,10.4,2.9,30,45,111,0.46,0.14,0.48,0.13,1.375,69.85,25.05,0.0,34.2,1.19,0.09,14.7,372,71.0,5628,81.3,75.2,59.6,17,29,8,3,45,52,2.39,6,0.28,28,18,17,11,18,5,13,9,815,27,94,351,381,140,44,40.9,52.3,453,886,30,16,16,55,40,595,111,32,33,13,19,63,63,80,44.1,1961.0,5200000.0
Riccardo Calafiori,,22.92,17,11,925.0,2,1,4,0,0.9,0.3,21,54,29,0.19,0.1,0.08,0.03,1.375,69.85,25.05,0.0,60.0,0.58,0.2,14.1,449,85.4,6549,91.6,85.7,67.9,6,40,9,1,54,13,1.26,2,0.19,26,18,29,11,12,6,6,9,628,30,161,249,222,29,13,69.2,23.1,291,839,21,12,3,11,5,377,29,16,6,3,11,30,22,13,62.9,925.0,49300000.0
Rico Lewis,,20.41,26,20,1810.0,1,2,5,1,1.4,0.3,36,103,68,0.05,0.1,0.07,0.02,1.375,69.85,25.05,0.0,20.0,0.1,0.1,15.8,1139,92.0,16444,94.8,94.2,68.3,7,92,13,0,103,31,1.54,3,0.15,29,19,21,8,27,7,20,13,1399,51,286,702,426,42,21,42.9,52.4,815,2032,36,38,8,19,19,1002,68,10,33,0,3,93,5,13,27.8,1810.0,62700000.0
Robert Sánchez,,27.42,26,26,2340.0,0,0,5,0,0.0,0.0,0,1,0,0.0,0.0,0.0,0.0,1.15,76.8,26.9,20.0,30.6,0.0,0.07,16.2,735,71.7,17643,99.4,96.0,38.9,1,22,1,0,1,6,0.23,2,0.08,0,0,1,1,0,0,0,2,1089,800,1078,11,0,0,0,45.0,44.3,730,2240,0,0,0,0,0,688,0,2,3,0,0,38,6,0,100.0,2340.0,24800000.0
Rodrigo Bentancur,,27.82,22,18,1428.0,2,0,7,0,1.3,0.4,22,89,32,0.13,0.0,0.08,0.03,1.375,69.85,25.05,0.0,22.7,0.32,0.09,17.4,858,88.4,13800,91.6,93.0,74.6,9,100,11,2,89,41,2.58,2,0.13,35,17,36,18,24,8,16,34,1169,69,290,692,196,22,17,47.1,41.2,706,1301,22,22,5,16,18,779,32,27,10,1,4,108,34,22,60.7,1428.0,31400000.0
Rodrigo Muniz,,23.96,31,8,964.0,8,1,1,0,5.8,0.7,6,27,31,0.75,0.09,0.54,0.07,1.375,69.85,25.05,0.0,48.7,1.77,0.21,12.0,92,64.8,1540,67.6,68.9,84.6,7,13,3,0,27,17,1.59,2,0.19,10,5,4,0,9,2,7,5,311,14,27,161,127,55,18,33.3,50.0,157,187,6,4,3,47,24,237,31,11,31,3,1,14,67,63,51.5,964.0,8400000.0
Ryan Christie,,30.16,29,27,2117.0,2,3,9,0,1.8,3.5,34,137,44,0.09,0.13,0.08,0.15,1.375,69.85,25.05,0.0,36.4,0.51,0.06,19.6,837,79.3,14882,88.2,87.9,48.8,41,118,33,5,137,85,3.62,9,0.38,54,33,64,37,44,11,33,30,1376,74,256,773,372,46,48,47.9,45.8,726,1773,34,40,8,44,25,777,44,43,31,1,48,182,20,28,41.7,2117.0,16200000.0
Ryan Gravenberch,,22.93,32,32,2741.0,0,3,5,0,0.9,2.8,60,153,51,0.0,0.1,0.03,0.09,1.375,69.85,25.05,0.0,25.0,0.13,0.0,24.3,1515,89.0,22580,92.4,91.7,60.2,24,129,30,1,153,59,1.94,6,0.2,59,30,47,20,32,9,23,54,2056,98,418,1211,454,23,70,47.1,37.1,1228,3228,60,68,9,44,19,1476,51,39,45,0,6,171,21,11,65.6,2741.0,85500000.0
Ryan Manning,,28.85,21,16,1279.0,0,0,2,0,0.3,2.7,12,31,67,0.0,0.0,0.02,0.19,1.375,69.85,25.05,0.0,14.3,0.07,0.0,20.4,557,79.3,9321,93.1,82.1,47.5,27,24,11,8,31,41,2.88,1,0.07,28,17,25,11,19,11,8,16,843,63,224,348,280,21,31,35.5,41.9,426,855,12,13,4,16,5,506,67,18,28,0,72,60,12,5,70.6,1195.0,3800000.0
Ryan Yates,,27.41,29,17,1742.0,2,1,8,0,2.3,1.1,17,45,12,0.1,0.05,0.12,0.06,1.375,69.85,25.05,0.0,29.0,0.46,0.06,18.9,555,82.1,8083,88.7,86.1,55.3,17,44,4,0,45,35,1.81,3,0.15,39,21,35,19,33,8,25,24,938,73,249,459,240,38,18,50.0,27.8,378,849,17,18,1,23,18,488,12,48,46,6,3,89,43,29,59.7,1742.0,17500000.0
Rúben Dias,,27.93,22,20,1821.0,0,0,4,0,1.3,0.3,33,116,6,0.0,0.0,0.06,0.01,1.375,69.85,25.05,0.0,26.7,0.2,0.0,19.5,1782,93.3,30653,96.8,96.2,66.2,5,168,5,0,116,19,0.94,0,0.0,14,8,8,3,17,14,3,18,2051,183,679,1131,245,20,3,66.7,33.3,1456,4881,33,52,1,6,1,1670,6,10,7,0,2,62,29,29,50.0,1731.0,74500000.0
Sam Morsy,,33.61,27,25,2240.0,1,1,9,0,0.3,0.7,14,100,9,0.04,0.04,0.01,0.03,1.375,69.85,25.05,0.0,22.2,0.08,0.11,26.3,1042,86.6,16602,93.2,91.5,58.6,16,124,13,2,100,36,1.45,2,0.08,56,32,54,31,27,11,16,26,1398,72,406,802,203,4,19,57.9,31.6,715,1616,14,20,2,13,9,942,9,42,20,0,11,127,14,21,40.0,2240.0,1300000.0
Sammie Szmodics,,29.57,19,13,979.0,4,0,2,0,3.4,0.2,16,18,46,0.37,0.0,0.31,0.02,1.375,69.85,25.05,0.0,57.1,1.1,0.19,14.0,144,74.2,2402,87.0,84.4,51.7,4,10,4,1,18,9,0.83,0,0.0,15,9,23,17,10,2,8,6,309,17,80,119,116,33,12,33.3,50.0,174,399,16,8,7,24,17,189,46,9,8,8,13,41,6,11,35.3,979.0,14100000.0
Sander Berge,,27.18,25,21,1882.0,0,0,4,0,0.2,0.6,24,99,8,0.0,0.0,0.01,0.03,1.375,69.85,25.05,0.0,0.0,0.0,0.0,7.6,926,90.9,16548,91.4,94.0,83.5,17,100,3,0,99,39,1.86,2,0.1,48,28,36,11,25,8,17,20,1187,69,325,694,174,12,19,52.6,31.6,689,1656,24,19,2,10,15,757,8,25,7,0,3,112,25,18,58.1,1882.0,27900000.0
Sandro Tonali,,24.95,31,23,2180.0,3,2,5,0,3.5,1.0,32,96,43,0.12,0.08,0.15,0.04,1.375,69.85,25.05,0.0,34.5,0.41,0.1,19.4,1018,83.1,15841,89.3,86.4,59.4,13,83,17,3,96,51,2.1,7,0.29,45,30,41,21,29,10,19,29,1463,59,336,825,326,37,31,58.1,32.3,790,1843,32,31,5,23,23,1007,43,34,39,2,28,156,12,10,54.5,2000.0,52100000.0
Santiago Bueno,,26.44,25,17,1581.0,0,0,2,0,0.4,0.0,1,27,1,0.0,0.0,0.02,0.0,1.375,69.85,25.05,0.0,50.0,0.17,0.0,14.0,702,88.0,12901,92.5,93.8,56.8,0,21,1,0,27,11,0.63,4,0.23,33,17,18,4,32,18,14,14,958,156,486,456,19,6,2,0.0,100.0,523,1403,1,2,0,2,2,625,1,26,5,0,0,42,34,31,52.3,1581.0,11300000.0
Saša Lukić,,28.68,25,24,1963.0,0,2,12,0,0.9,2.6,34,81,27,0.0,0.09,0.04,0.12,1.375,69.85,25.05,0.0,14.3,0.09,0.0,21.0,941,87.7,15900,92.2,92.3,69.5,21,88,13,5,81,46,2.11,2,0.09,59,33,47,30,16,6,10,23,1272,46,273,731,281,14,17,47.1,29.4,709,1902,34,35,3,20,7,815,27,55,25,0,53,99,18,21,46.2,1963.0,12100000.0
Sepp van den Berg,,23.33,26,24,2136.0,0,0,2,0,1.4,0.2,8,66,27,0.0,0.0,0.06,0.01,1.375,69.85,25.05,0.0,28.6,0.17,0.0,10.9,876,83.9,15048,87.0,88.3,63.7,4,55,4,1,66,20,0.84,2,0.08,35,22,25,9,47,33,14,19,1329,236,672,504,156,40,7,57.1,42.9,576,1404,8,9,0,14,6,742,27,19,5,1,7,79,79,62,56.0,2046.0,26400000.0
Son Heung-min,,32.78,28,23,2004.0,7,9,1,0,7.0,8.2,87,104,259,0.31,0.4,0.31,0.37,1.375,69.85,25.05,0.0,45.3,1.08,0.11,17.0,703,79.0,9833,89.7,80.0,48.0,50,36,51,6,104,116,5.21,15,0.67,17,9,23,18,10,0,10,5,1093,15,110,347,646,117,82,35.4,48.8,732,2334,87,45,40,25,29,837,259,5,28,11,75,81,6,11,35.3,2004.0,28600000.0
Stefan Ortega,,32.45,12,11,1010.0,0,0,1,0,0.0,0.0,0,0,0,0.0,0.0,0.0,0.0,1.51,66.0,27.3,0.0,30.6,0.0,0.07,16.2,349,81.4,7938,97.9,96.7,52.7,0,6,0,0,0,0,0.0,0,0.0,0,0,1,1,0,0,0,0,460,354,457,3,0,0,0,45.0,44.3,299,802,0,0,0,0,0,289,0,1,2,0,0,7,2,0,100.0,920.0,5800000.0
Stephy Mavididi,,26.89,29,15,1531.0,4,1,2,0,1.8,2.5,87,57,134,0.24,0.06,0.11,0.15,1.375,69.85,25.05,0.0,26.9,0.41,0.15,16.1,436,74.7,5925,90.8,67.6,42.9,21,31,26,7,57,48,2.82,7,0.41,30,16,38,27,26,2,24,11,823,22,124,308,407,58,91,37.4,49.5,551,2277,87,39,25,38,34,591,134,16,17,2,68,80,9,15,37.5,1531.0,13200000.0
Sávio,,21.03,27,21,1734.0,1,8,3,0,4.9,6.8,133,65,238,0.05,0.42,0.25,0.35,1.375,69.85,25.05,0.0,38.9,1.09,0.02,17.7,675,80.8,10065,89.7,80.1,57.4,44,19,47,8,65,107,5.55,15,0.78,22,16,18,9,13,2,11,6,1070,14,55,280,754,149,111,45.9,35.1,765,3493,133,44,73,42,37,833,238,17,27,3,81,79,1,2,33.3,1657.0,74800000.0
Taylor Harwood-Bellis,,23.22,30,28,2474.0,1,0,8,0,1.7,1.0,28,112,8,0.04,0.0,0.06,0.04,1.375,69.85,25.05,0.0,36.8,0.25,0.05,10.6,1708,88.2,31694,93.3,91.9,64.4,14,165,9,0,112,35,1.27,2,0.07,27,19,32,13,57,36,21,30,2208,290,1023,1032,163,38,3,100.0,0.0,1278,3547,28,27,0,13,5,1609,8,31,12,0,9,115,50,36,58.1,2390.0,29900000.0
Thomas Partey,,31.85,30,26,2347.0,4,2,4,0,2.0,1.9,30,156,43,0.15,0.08,0.08,0.07,1.375,69.85,25.05,0.0,30.4,0.27,0.17,19.5,1405,87.4,22401,93.2,88.4,67.5,17,136,33,2,156,54,2.07,12,0.46,79,48,67,24,22,6,16,30,1834,63,381,991,471,27,28,64.3,28.6,1021,2843,30,33,3,19,12,1293,43,37,26,1,12,112,26,21,55.3,2347.0,14700000.0
Timothy Castagne,,29.37,22,17,1612.0,0,1,1,0,0.4,1.2,17,61,65,0.0,0.06,0.02,0.07,1.375,69.85,25.05,0.0,37.5,0.17,0.0,14.0,762,81.8,12149,89.8,85.7,50.0,9,51,5,3,61,25,1.4,3,0.17,46,29,45,19,15,6,9,22,1142,90,441,458,249,32,12,41.7,41.7,538,1037,17,15,2,15,5,652,65,15,6,1,37,54,34,35,49.3,1612.0,16800000.0
Tomáš Souček,,30.14,30,25,2161.0,7,1,8,0,5.3,1.0,6,66,58,0.29,0.04,0.22,0.04,1.375,69.85,25.05,0.0,25.5,0.5,0.15,11.4,600,73.4,10074,78.8,76.8,69.0,14,57,8,1,66,43,1.79,3,0.12,36,18,34,17,33,16,17,15,1075,106,295,528,256,93,11,54.5,45.5,415,439,6,10,3,16,10,645,58,39,23,4,11,50,87,65,57.2,2150.0,25600000.0
Tosin Adarabioyo,,27.57,19,13,1227.0,1,1,3,0,0.9,0.2,5,37,1,0.07,0.07,0.07,0.02,1.375,69.85,25.05,0.0,16.7,0.15,0.08,12.5,984,91.4,18002,95.7,94.8,60.6,1,53,1,0,37,12,0.88,1,0.07,14,10,12,4,9,7,2,10,1193,159,567,601,26,13,4,75.0,0.0,710,1688,5,2,0,3,0,913,1,8,6,1,0,34,36,26,58.1,1227.0,24800000.0
Toti Gomes,,26.26,25,24,2074.0,0,1,5,0,0.7,0.9,20,64,12,0.0,0.04,0.03,0.04,1.375,69.85,25.05,0.0,28.6,0.09,0.0,11.6,1112,84.6,18792,91.0,92.1,50.3,7,67,5,3,64,18,0.78,1,0.04,48,35,32,7,24,14,10,21,1564,188,739,757,86,15,23,69.6,21.7,903,2411,20,16,0,16,12,1047,12,19,11,4,11,85,41,18,69.5,2074.0,18600000.0
Trent Alexander-Arnold,,26.53,28,26,2145.0,2,6,4,0,1.6,6.7,48,204,87,0.08,0.25,0.07,0.28,1.375,69.85,25.05,0.0,18.4,0.29,0.05,23.6,1321,73.9,25377,90.0,76.0,50.4,50,187,62,20,204,92,3.86,10,0.42,67,47,99,53,25,8,17,30,2044,82,546,902,609,39,29,44.8,48.3,1075,2652,48,35,8,19,15,1299,87,9,7,1,140,120,3,12,20.0,2145.0,55400000.0
Trevoh Chalobah,,25.79,12,12,1060.0,3,0,1,0,1.2,0.4,11,34,6,0.25,0.0,0.1,0.03,1.375,69.85,25.05,0.0,36.4,0.34,0.27,15.1,349,79.0,6831,88.7,85.2,51.2,4,27,2,1,34,11,0.93,0,0.0,20,16,23,11,19,9,10,19,594,66,275,276,51,14,10,60.0,20.0,278,661,11,9,1,4,7,317,6,10,15,1,7,56,22,19,53.7,1060.0,20200000.0
Trevoh Chalobah,,25.79,9,7,566.0,0,1,1,0,0.7,1.2,2,24,2,0.0,0.16,0.12,0.19,1.375,69.85,25.05,0.0,33.3,0.32,0.0,10.8,403,89.6,7109,93.4,94.4,58.7,3,28,2,0,24,9,1.43,1,0.16,5,2,5,1,3,1,2,7,505,38,220,239,51,10,3,33.3,0.0,268,430,2,2,0,3,2,379,2,6,5,0,3,17,18,9,66.7,1060.0,20200000.0
Tyler Adams,,26.18,23,16,1530.0,0,3,6,0,1.6,0.8,12,61,7,0.0,0.18,0.09,0.05,1.375,69.85,25.05,0.0,25.0,0.12,0.0,16.1,674,83.1,10605,88.2,87.9,56.9,14,52,2,1,61,35,2.06,4,0.24,74,45,62,28,27,7,20,29,1041,46,270,601,182,15,16,18.8,56.3,491,1059,12,17,1,25,9,555,7,40,18,0,3,91,29,15,65.9,1470.0,24500000.0
Tyler Dibling,,19.11,29,18,1684.0,2,0,6,0,2.5,1.5,67,59,90,0.11,0.0,0.14,0.08,1.375,69.85,25.05,0.0,32.1,0.48,0.07,19.3,456,81.0,6830,90.4,85.4,44.2,20,24,20,1,59,55,2.94,4,0.21,34,20,26,10,18,5,13,7,796,24,103,363,349,40,102,43.1,36.3,514,2085,67,47,26,41,52,599,90,28,48,1,27,70,9,20,31.0,1667.0,32000000.0
Tyrick Mitchell,,25.63,33,33,2762.0,0,4,2,0,1.2,5.6,55,59,153,0.0,0.13,0.04,0.18,1.375,69.85,25.05,0.0,18.2,0.07,0.0,13.4,875,72.1,14099,84.3,74.5,42.2,36,44,29,14,59,64,2.09,5,0.16,82,51,40,19,61,12,49,13,1566,102,547,598,434,41,29,41.4,48.3,721,1522,55,32,9,35,28,800,153,20,22,2,93,150,18,21,46.2,2582.0,25100000.0
Tyrone Mings,,32.1,13,11,1051.0,0,0,1,0,0.8,0.2,6,39,0,0.0,0.0,0.07,0.02,1.375,69.85,25.05,0.0,11.1,0.09,0.0,11.8,581,88.6,10401,92.7,94.3,54.0,3,47,5,0,39,17,1.45,2,0.17,6,5,2,0,13,11,2,8,767,140,389,339,43,15,2,100.0,0.0,473,1334,6,12,0,3,1,524,0,3,9,0,1,32,26,21,55.3,961.0,5700000.0
Valentino Livramento,,22.44,32,27,2390.0,0,1,1,0,0.3,2.3,68,129,85,0.0,0.04,0.01,0.09,1.375,69.85,25.05,0.0,20.0,0.04,0.0,20.4,1169,84.5,17356,90.4,86.2,55.3,21,86,23,5,129,37,1.39,2,0.08,49,32,53,25,31,10,21,20,1658,104,543,766,374,28,47,44.7,40.4,862,2724,68,37,9,24,34,941,85,6,32,2,40,165,20,30,40.0,2210.0,48400000.0
Victor Bernth Kristiansen,,22.34,28,28,2380.0,0,1,1,0,0.3,1.4,39,69,75,0.0,0.04,0.01,0.05,1.375,69.85,25.05,0.0,0.0,0.0,0.0,17.7,1007,77.6,16181,89.6,80.1,41.4,18,74,23,18,69,41,1.55,3,0.11,85,50,87,40,37,14,23,40,1581,113,564,711,319,15,17,47.1,47.1,800,1806,39,25,5,13,12,872,75,17,17,3,96,97,19,42,31.1,2380.0,23900000.0
Virgil van Dijk,,33.78,32,32,2880.0,2,1,3,0,1.7,0.5,18,156,6,0.06,0.03,0.05,0.02,1.375,69.85,25.05,0.0,33.3,0.22,0.1,13.2,2294,91.7,41794,96.1,95.4,67.7,10,245,3,0,156,39,1.22,4,0.12,34,16,20,9,22,12,10,51,2819,380,1128,1561,138,40,5,60.0,40.0,1589,4219,18,19,3,6,5,1931,6,15,12,0,1,101,102,43,70.3,2880.0,16600000.000000002
Vitaliy Mykolenko,,25.89,30,30,2632.0,0,1,2,0,0.4,1.5,29,99,75,0.0,0.03,0.02,0.05,1.375,69.85,25.05,0.0,0.0,0.0,0.0,20.5,836,74.2,14100,89.1,73.9,45.0,19,95,35,20,99,35,1.2,3,0.1,54,32,46,21,24,9,15,33,1432,110,455,617,371,24,18,38.9,44.4,581,1348,29,23,1,19,8,721,75,18,26,3,80,73,42,36,53.8,2542.0,33500000.0
Vitaly Janelt,,26.95,32,27,2254.0,1,3,3,0,0.8,2.2,17,80,38,0.04,0.12,0.03,0.09,1.375,69.85,25.05,0.0,28.6,0.16,0.07,17.7,872,82.5,14474,90.4,85.4,55.9,14,78,23,7,80,32,1.28,3,0.12,38,21,36,15,33,9,24,27,1288,118,417,575,305,32,12,25.0,58.3,651,1278,17,18,3,16,10,814,38,24,15,1,30,107,19,11,63.3,2250.0,22200000.0
Wes Burns,,30.41,18,12,926.0,0,1,1,0,0.5,1.6,38,8,65,0.0,0.1,0.05,0.16,1.375,69.85,25.05,0.0,14.3,0.1,0.0,18.3,153,60.5,2416,80.4,65.4,38.9,10,8,8,7,8,16,1.55,1,0.1,13,11,10,6,7,2,5,10,350,21,69,129,160,18,24,37.5,58.3,216,696,38,13,10,17,13,220,65,4,11,0,46,50,8,21,27.6,926.0,2100000.0
Wesley Fofana,,24.34,14,14,1172.0,0,0,7,0,0.4,0.4,19,32,4,0.0,0.0,0.03,0.03,1.375,69.85,25.05,0.0,0.0,0.0,0.0,10.6,724,90.2,12262,93.9,92.5,61.9,6,54,1,0,32,15,1.15,0,0.0,13,12,14,8,14,9,5,14,933,81,370,523,55,10,15,53.3,20.0,557,1614,19,12,1,16,5,665,4,24,16,0,1,54,27,12,69.2,1172.0,30400000.0
Wilfred Ndidi,,28.34,23,23,1885.0,0,4,6,0,1.7,1.8,13,58,72,0.0,0.19,0.08,0.09,1.375,69.85,25.05,0.0,44.4,0.38,0.0,14.5,661,79.3,9370,86.4,81.4,50.0,14,54,8,1,58,25,1.19,3,0.14,68,39,47,24,41,15,26,23,1133,104,381,541,221,54,28,42.9,50.0,541,902,13,18,2,33,27,662,72,34,16,3,27,107,48,41,53.9,1885.0,20400000.0
Will Hughes,,30.01,28,21,1841.0,0,3,11,0,1.0,2.7,18,82,24,0.0,0.15,0.05,0.13,1.375,69.85,25.05,0.0,5.3,0.05,0.0,22.6,651,76.0,10435,88.4,82.6,36.7,29,69,14,3,82,61,2.98,6,0.29,61,33,59,32,29,14,15,19,1062,41,250,547,277,14,14,28.6,42.9,464,1118,18,22,1,19,24,591,24,60,30,0,65,103,16,17,48.5,1695.0,7300000.0
William Saliba,,24.07,30,30,2634.0,2,0,2,1,2.2,0.9,16,128,6,0.07,0.0,0.07,0.03,1.375,69.85,25.05,0.0,40.0,0.07,0.4,4.5,2010,93.7,34672,95.3,95.7,79.9,7,158,6,0,128,25,0.85,1,0.03,53,31,24,6,21,12,9,19,2377,163,939,1324,128,17,18,66.7,27.8,1450,3374,16,16,1,17,7,1762,6,26,16,1,3,135,56,32,63.6,2634.0,79500000.0
Wout Faes,,27.05,28,24,2275.0,1,0,3,0,1.4,0.1,11,72,1,0.04,0.0,0.05,0.0,1.375,69.85,25.05,0.0,9.1,0.04,0.09,10.0,1082,86.9,20017,93.3,94.5,52.0,4,72,5,0,72,12,0.47,0,0.0,38,23,41,19,42,30,12,25,1531,246,744,730,65,26,5,80.0,20.0,873,2433,11,12,2,15,5,998,1,20,9,1,5,76,40,30,57.1,2275.0,25300000.0
Yankuba Minteh,,20.75,27,16,1470.0,5,4,6,0,3.7,4.7,63,35,152,0.31,0.24,0.23,0.29,1.375,69.85,25.05,0.0,46.4,0.8,0.18,13.6,277,62.1,4459,77.7,64.0,44.1,25,12,26,6,35,52,3.19,10,0.61,42,31,46,28,17,0,17,10,670,27,121,190,377,113,79,46.8,44.3,375,1570,63,17,50,41,19,391,152,17,9,4,70,73,16,25,39.0,1406.0,42600000.0
Yasin Ayari,,21.54,29,18,1647.0,0,1,3,0,2.2,2.1,27,66,56,0.0,0.05,0.12,0.12,1.375,69.85,25.05,0.0,25.0,0.33,0.0,18.6,662,81.1,9982,91.9,84.5,38.1,26,47,17,4,66,52,2.84,6,0.33,51,28,47,27,21,6,15,19,1040,49,235,527,294,42,40,42.5,35.0,538,1261,27,22,6,32,21,665,56,31,22,3,61,104,13,18,41.9,1633.0,21500000.0
Yehor Yarmoliuk,,21.14,26,10,1039.0,0,0,4,0,0.6,0.3,12,46,42,0.0,0.0,0.05,0.02,1.375,69.85,25.05,0.0,22.2,0.17,0.0,15.9,471,86.1,8256,87.2,88.8,85.2,6,56,6,3,46,18,1.56,2,0.17,34,22,43,22,23,6,17,9,704,45,196,358,165,15,21,42.9,47.6,363,594,12,14,2,23,15,434,42,11,8,2,13,83,7,5,58.3,964.0,18000000.0
Yoane Wissa,,28.63,30,29,2470.0,16,3,2,0,14.9,1.8,48,56,132,0.58,0.11,0.54,0.07,1.375,69.85,25.05,0.0,45.9,1.24,0.22,13.7,396,77.2,5769,86.4,75.7,61.0,23,40,9,1,56,58,2.11,8,0.29,18,8,23,14,25,5,20,8,803,28,124,328,364,138,43,27.9,51.2,469,1339,48,20,26,62,27,569,132,26,44,14,20,61,28,31,47.5,2380.0,31400000.0
Youri Tielemans,,27.95,33,33,2825.0,2,7,4,0,3.0,6.8,35,221,42,0.06,0.22,0.1,0.22,1.375,69.85,25.05,0.0,30.6,0.35,0.06,20.4,1616,82.5,27658,90.2,87.5,53.8,58,217,35,4,221,114,3.63,12,0.38,81,55,72,33,36,15,21,21,2258,93,451,1302,530,37,56,51.8,32.1,1229,2401,35,25,8,29,26,1585,42,40,52,0,115,139,22,18,55.0,2735.0,43300000.0
Yukinari Sugawara,,24.81,29,15,1467.0,1,1,4,0,0.5,2.2,32,68,76,0.06,0.06,0.03,0.14,1.375,69.85,25.05,0.0,38.5,0.31,0.08,19.2,689,79.9,10831,88.2,82.9,47.9,17,43,21,9,68,39,2.39,1,0.06,29,16,30,12,17,7,10,10,1023,61,306,395,327,29,20,45.0,50.0,553,1354,32,15,7,18,4,692,76,15,9,4,69,40,5,9,35.7,1467.0,15800000.0
Yves Bissouma,,28.64,24,15,1210.0,2,0,7,0,0.6,0.3,15,71,3,0.15,0.0,0.04,0.02,1.375,69.85,25.05,0.0,40.0,0.3,0.2,23.2,693,89.4,10536,92.9,93.4,63.2,6,57,10,1,71,15,1.12,0,0.0,44,28,32,15,7,4,3,14,938,58,261,535,148,5,21,33.3,66.7,564,1513,15,17,0,22,13,657,3,22,18,0,2,71,4,7,36.4,1210.0,30000000.0
Álex Moreno,,31.87,15,11,955.0,0,1,2,0,0.2,1.3,26,34,34,0.0,0.09,0.02,0.12,1.375,69.85,25.05,0.0,0.0,0.0,0.0,23.7,308,72.0,4574,87.6,64.2,35.0,8,25,9,2,34,16,1.51,2,0.19,25,18,39,24,11,5,6,15,559,60,210,202,158,8,21,38.1,38.1,229,864,26,16,4,13,6,258,34,12,6,0,19,50,3,11,21.4,955.0,11200000.0
İlkay Gündoğan,,34.49,29,21,1877.0,0,5,1,0,2.8,2.7,54,114,80,0.0,0.24,0.13,0.13,1.375,69.85,25.05,0.0,20.0,0.24,0.0,18.3,1352,89.5,20835,94.4,92.5,61.8,36,93,22,2,114,72,3.45,10,0.48,22,13,23,13,13,0,13,13,1674,41,251,809,634,55,34,47.1,35.3,993,2666,54,52,9,26,22,1306,80,14,20,0,57,101,12,9,57.1,1787.0,11000000.0
Łukasz Fabiański,,40.01,13,12,1070.0,0,0,2,0,0.0,0.0,0,0,0,0.0,0.0,0.0,0.0,1.68,74.6,16.7,0.0,30.6,0.0,0.07,16.2,304,67.0,8756,100.0,99.3,41.3,0,4,0,0,0,3,0.25,0,0.0,0,0,1,1,0,0,0,0,488,382,483,5,0,0,2,100.0,0.0,258,845,0,0,0,0,0,227,0,2,1,0,0,5,2,1,66.7,1070.0,900000.0
