,,Median of Standard_Age,Mean of Standard_Age,Std of Standard_Age,Median of Standard_MP,Mean of Standard_MP,Std of Standard_MP,Median of Standard_Starts,Mean of Standard_Starts,Std of Standard_Starts,Median of Standard_Min,Mean of Standard_Min,Std of Standard_Min,Median of Standard_Gls,Mean of Standard_Gls,Std of Standard_Gls,Median of Standard_Ast,Mean of Standard_Ast,Std of Standard_Ast,Median of Standard_CrdY,Mean of Standard_CrdY,Std of Standard_CrdY,Median of Standard_CrdR,Mean of Standard_CrdR,Std of Standard_CrdR,Median of Standard_xG,Mean of Standard_xG,Std of Standard_xG,Median of Standard_xAG,Mean of Standard_xAG,Std of Standard_xAG,Median of Standard_PrgC,Mean of Standard_PrgC,Std of Standard_PrgC,Median of Standard_PrgP,Mean of Standard_PrgP,Std of Standard_PrgP,Median of Standard_PrgR,Mean of Standard_PrgR,Std of Standard_PrgR,Median of Standard_Gls_1,Mean of Standard_Gls_1,Std of Standard_Gls_1,Median of Standard_Ast_1,Mean of Standard_Ast_1,Std of Standard_Ast_1,Median of Standard_xG_1,Mean of Standard_xG_1,Std of Standard_xG_1,Median of Standard_xAG_1,Mean of Standard_xAG_1,Std of Standard_xAG_1,Median of Goalkeeping_GA90,Mean of Goalkeeping_GA90,Std of Goalkeeping_GA90,Median of Goalkeeping_Save%,Mean of Goalkeeping_Save%,Std of Goalkeeping_Save%,Median of Goalkeeping_CS%,Mean of Goalkeeping_CS%,Std of Goalkeeping_CS%,Median of Goalkeeping_Save%_1,Mean of Goalkeeping_Save%_1,Std of Goalkeeping_Save%_1,Median of Shooting_SoT%,Mean of Shooting_SoT%,Std of Shooting_SoT%,Median of Shooting_SoT/90,Mean of Shooting_SoT/90,Std of Shooting_SoT/90,Median of Shooting_G/Sh,Mean of Shooting_G/Sh,Std of Shooting_G/Sh,Median of Shooting_Dist,Mean of Shooting_Dist,Std of Shooting_Dist,Median of Passing_Cmp,Mean of Passing_Cmp,Std of Passing_Cmp,Median of Passing_Cmp%,Mean of Passing_Cmp%,Std of Passing_Cmp%,Median of Passing_TotDist,Mean of Passing_TotDist,Std of Passing_TotDist,Median of Passing_Cmp%_1,Mean of Passing_Cmp%_1,Std of Passing_Cmp%_1,Median of Passing_Cmp%_2,Mean of Passing_Cmp%_2,Std of Passing_Cmp%_2,Median of Passing_Cmp%_3,Mean of Passing_Cmp%_3,Std of Passing_Cmp%_3,Median of Passing_KP,Mean of Passing_KP,Std of Passing_KP,Median of Passing_1/3,Mean of Passing_1/3,Std of Passing_1/3,Median of Passing_PPA,Mean of Passing_PPA,Std of Passing_PPA,Median of Passing_CrsPA,Mean of Passing_CrsPA,Std of Passing_CrsPA,Median of Passing_PrgP,Mean of Passing_PrgP,Std of Passing_PrgP,Median of GCA_SCA,Mean of GCA_SCA,Std of GCA_SCA,Median of GCA_SCA90,Mean of GCA_SCA90,Std of GCA_SCA90,Median of GCA_GCA,Mean of GCA_GCA,Std of GCA_GCA,Median of GCA_GCA90,Mean of GCA_GCA90,Std of GCA_GCA90,Median of Defense_Tkl,Mean of Defense_Tkl,Std of Defense_Tkl,Median of Defense_TklW,Mean of Defense_TklW,Std of Defense_TklW,Median of Defense_Att,Mean of Defense_Att,Std of Defense_Att,Median of Defense_Lost,Mean of Defense_Lost,Std of Defense_Lost,Median of Defense_Blocks,Mean of Defense_Blocks,Std of Defense_Blocks,Median of Defense_Sh,Mean of Defense_Sh,Std of Defense_Sh,Median of Defense_Pass,Mean of Defense_Pass,Std of Defense_Pass,Median of Defense_Int,Mean of Defense_Int,Std of Defense_Int,Median of Possession_Touches,Mean of Possession_Touches,Std of Possession_Touches,Median of Possession_Def Pen,Mean of Possession_Def Pen,Std of Possession_Def Pen,Median of Possession_Def 3rd,Mean of Possession_Def 3rd,Std of Possession_Def 3rd,Median of Possession_Mid 3rd,Mean of Possession_Mid 3rd,Std of Possession_Mid 3rd,Median of Possession_Att 3rd,Mean of Possession_Att 3rd,Std of Possession_Att 3rd,Median of Possession_Att Pen,Mean of Possession_Att Pen,Std of Possession_Att Pen,Median of Possession_Att,Mean of Possession_Att,Std of Possession_Att,Median of Possession_Succ%,Mean of Possession_Succ%,Std of Possession_Succ%,Median of Possession_Tkld%,Mean of Possession_Tkld%,Std of Possession_Tkld%,Median of Possession_Carries,Mean of Possession_Carries,Std of Possession_Carries,Median of Possession_TotDist,Mean of Possession_TotDist,Std of Possession_TotDist,Median of Possession_PrgDist,Mean of Possession_PrgDist,Std of Possession_PrgDist,Median of Possession_PrgC,Mean of Possession_PrgC,Std of Possession_PrgC,Median of Possession_1/3,Mean of Possession_1/3,Std of Possession_1/3,Median of Possession_CPA,Mean of Possession_CPA,Std of Possession_CPA,Median of Possession_Mis,Mean of Possession_Mis,Std of Possession_Mis,Median of Possession_Dis,Mean of Possession_Dis,Std of Possession_Dis,Median of Possession_Rec,Mean of Possession_Rec,Std of Possession_Rec,Median of Possession_PrgR,Mean of Possession_PrgR,Std of Possession_PrgR,Median of Misc_Fls,Mean of Misc_Fls,Std of Misc_Fls,Median of Misc_Fld,Mean of Misc_Fld,Std of Misc_Fld,Median of Misc_Off,Mean of Misc_Off,Std of Misc_Off,Median of Misc_Crs,Mean of Misc_Crs,Std of Misc_Crs,Median of Misc_Recov,Mean of Misc_Recov,Std of Misc_Recov,Median of Misc_Won,Mean of Misc_Won,Std of Misc_Won,Median of Misc_Lost,Mean of Misc_Lost,Std of Misc_Lost,Median of Misc_Won%,Mean of Misc_Won%,Std of Misc_Won%
0,all,26.48,26.847151767151765,4.215028419714638,20.0,18.505197505197504,8.590236343061838,13.0,13.69022869022869,9.483631081461283,1145.0,1226.3846153846155,799.85396042829,0.0,1.7837837837837838,3.1987997467518685,1.0,1.3118503118503118,2.012058674810482,2.0,2.6465696465696467,2.3318076142398088,0.0,0.07692307692307693,0.2892297463157035,0.7,1.8112266112266113,2.8232071657290225,0.7,1.33970893970894,1.6928597348197758,12.0,23.334719334719335,27.385181142784983,34.0,46.022869022869024,43.969751639639256,20.0,45.42203742203742,57.37023993332196,0.0,0.11985446985446985,0.1982574599946253,0.03,0.08964656964656965,0.13015407469642723,0.07,0.13320166320166318,0.16068258979707373,0.07,0.09577962577962577,0.10098816597680971,1.5,1.6312820512820514,0.6553672312736276,69.6,67.33333333333333,8.446560599730063,21.1,23.912820512820513,22.793168176441995,0.0,16.6,30.30126510010212,29.4,29.812470588235296,21.420901223150874,0.22,0.4153014553014553,0.6177424984182684,0.05,0.0784705882352941,0.1118741067462278,16.4,16.71364705882353,5.168997942892733,398.0,489.5779625779626,403.2724867836555,80.05,79.44229166666668,8.203587926179672,6549.0,8399.41372141372,7251.572948142217,89.6,88.735,6.792368307400744,85.7,84.06937500000001,10.186568565973005,53.4,54.84432773109244,17.236848819645477,7.0,12.079002079002079,13.778077236516433,27.0,38.25571725571726,39.19607619545468,5.0,10.207900207900208,12.748791607704923,1.0,2.4074844074844073,3.81502868494378,34.0,45.67151767151767,44.07181874962966,17.0,28.25987525987526,28.72101856627664,1.83,2.083950103950104,1.4568469769237482,2.0,3.0644490644490645,3.8076135567991924,0.15,0.21,0.23469838800753048,15.0,22.02079002079002,20.263359384397088,10.0,13.13929313929314,12.504304872028685,15.0,20.08731808731809,18.44532080684312,7.0,9.891891891891891,9.428058564110021,10.0,13.656964656964657,12.292985734454355,2.0,4.611226611226611,6.535527805818265,7.0,9.045738045738046,8.422563169224102,6.0,10.045738045738046,10.582315610153747,629.0,740.6340956340956,547.4758244297786,29.0,83.62993762993763,153.47533819869705,138.0,245.05613305613306,268.398993588244,246.0,314.8981288981289,275.837195371941,119.0,187.98128898128897,188.59124025035837,17.0,30.67983367983368,37.00508676707767,12.0,22.814968814968815,28.111627644110342,45.0,47.04004576659039,23.61856626628646,44.4,42.12517162471395,22.385132020568374,343.0,414.74636174636174,314.33445913592925,1812.0,2226.6070686070684,1731.5207807107784,893.0,1149.821205821206,958.5221639583388,12.0,23.12889812889813,27.42041545986647,10.0,15.532224532224532,16.248701904546515,2.0,7.286902286902287,12.883969972767797,11.0,16.719334719334718,17.291562862365744,7.0,11.79002079002079,13.339930042591437,412.0,484.3076923076923,368.61954319895347,19.0,45.13721413721414,57.43831734759297,10.0,13.671517671517671,12.403468919360472,9.0,13.234927234927236,12.957820452534094,1.0,2.133056133056133,3.564724278574597,8.0,21.449064449064448,31.89569596352964,41.0,51.81912681912682,41.29414970754695,9.0,15.985446985446986,18.80807108048398,11.0,16.002079002079004,16.481997623733164,50.0,48.961783439490446,22.010556079759453
1,Liverpool,26.48,26.847151767151765,4.215028419714638,20.0,18.505197505197504,8.590236343061838,13.0,13.69022869022869,9.483631081461283,1145.0,1226.3846153846155,799.85396042829,0.0,1.7837837837837838,3.1987997467518685,1.0,1.3118503118503118,2.012058674810482,2.0,2.6465696465696467,2.3318076142398088,0.0,0.07692307692307693,0.2892297463157035,0.7,1.8112266112266113,2.8232071657290225,0.7,1.33970893970894,1.6928597348197758,12.0,23.334719334719335,27.385181142784983,34.0,46.022869022869024,43.969751639639256,20.0,45.42203742203742,57.37023993332196,0.0,0.11985446985446985,0.1982574599946253,0.03,0.08964656964656965,0.13015407469642723,0.07,0.13320166320166318,0.16068258979707373,0.07,0.09577962577962577,0.10098816597680971,1.5,1.6312820512820514,0.6553672312736276,69.6,67.33333333333333,8.446560599730063,21.1,23.912820512820513,22.793168176441995,0.0,16.6,30.30126510010212,29.4,29.812470588235296,21.420901223150874,0.22,0.4153014553014553,0.6177424984182684,0.05,0.0784705882352941,0.1118741067462278,16.4,16.71364705882353,5.168997942892733,398.0,489.5779625779626,403.2724867836555,80.05,79.44229166666668,8.203587926179672,6549.0,8399.41372141372,7251.572948142217,89.6,88.735,6.792368307400744,85.7,84.06937500000001,10.186568565973005,53.4,54.84432773109244,17.236848819645477,7.0,12.079002079002079,13.778077236516433,27.0,38.25571725571726,39.19607619545468,5.0,10.207900207900208,12.748791607704923,1.0,2.4074844074844073,3.81502868494378,34.0,45.67151767151767,44.07181874962966,17.0,28.25987525987526,28.72101856627664,1.83,2.083950103950104,1.4568469769237482,2.0,3.0644490644490645,3.8076135567991924,0.15,0.21,0.23469838800753048,15.0,22.02079002079002,20.263359384397088,10.0,13.13929313929314,12.504304872028685,15.0,20.08731808731809,18.44532080684312,7.0,9.891891891891891,9.428058564110021,10.0,13.656964656964657,12.292985734454355,2.0,4.611226611226611,6.535527805818265,7.0,9.045738045738046,8.422563169224102,6.0,10.045738045738046,10.582315610153747,629.0,740.6340956340956,547.4758244297786,29.0,83.62993762993763,153.47533819869705,138.0,245.05613305613306,268.398993588244,246.0,314.8981288981289,275.837195371941,119.0,187.98128898128897,188.59124025035837,17.0,30.67983367983368,37.00508676707767,12.0,22.814968814968815,28.111627644110342,45.0,47.04004576659039,23.61856626628646,44.4,42.12517162471395,22.385132020568374,343.0,414.74636174636174,314.33445913592925,1812.0,2226.6070686070684,1731.5207807107784,893.0,1149.821205821206,958.5221639583388,12.0,23.12889812889813,27.42041545986647,10.0,15.532224532224532,16.248701904546515,2.0,7.286902286902287,12.883969972767797,11.0,16.719334719334718,17.291562862365744,7.0,11.79002079002079,13.339930042591437,412.0,484.3076923076923,368.61954319895347,19.0,45.13721413721414,57.43831734759297,10.0,13.671517671517671,12.403468919360472,9.0,13.234927234927236,12.957820452534094,1.0,2.133056133056133,3.564724278574597,8.0,21.449064449064448,31.89569596352964,41.0,51.81912681912682,41.29414970754695,9.0,15.985446985446986,18.80807108048398,11.0,16.002079002079004,16.481997623733164,50.0,48.961783439490446,22.010556079759453
2,West Ham,26.48,26.847151767151765,4.215028419714638,20.0,18.505197505197504,8.590236343061838,13.0,13.69022869022869,9.483631081461283,1145.0,1226.3846153846155,799.85396042829,0.0,1.7837837837837838,3.1987997467518685,1.0,1.3118503118503118,2.012058674810482,2.0,2.6465696465696467,2.3318076142398088,0.0,0.07692307692307693,0.2892297463157035,0.7,1.8112266112266113,2.8232071657290225,0.7,1.33970893970894,1.6928597348197758,12.0,23.334719334719335,27.385181142784983,34.0,46.022869022869024,43.969751639639256,20.0,45.42203742203742,57.37023993332196,0.0,0.11985446985446985,0.1982574599946253,0.03,0.08964656964656965,0.13015407469642723,0.07,0.13320166320166318,0.16068258979707373,0.07,0.09577962577962577,0.10098816597680971,1.5,1.6312820512820514,0.6553672312736276,69.6,67.33333333333333,8.446560599730063,21.1,23.912820512820513,22.793168176441995,0.0,16.6,30.30126510010212,29.4,29.812470588235296,21.420901223150874,0.22,0.4153014553014553,0.6177424984182684,0.05,0.0784705882352941,0.1118741067462278,16.4,16.71364705882353,5.168997942892733,398.0,489.5779625779626,403.2724867836555,80.05,79.44229166666668,8.203587926179672,6549.0,8399.41372141372,7251.572948142217,89.6,88.735,6.792368307400744,85.7,84.06937500000001,10.186568565973005,53.4,54.84432773109244,17.236848819645477,7.0,12.079002079002079,13.778077236516433,27.0,38.25571725571726,39.19607619545468,5.0,10.207900207900208,12.748791607704923,1.0,2.4074844074844073,3.81502868494378,34.0,45.67151767151767,44.07181874962966,17.0,28.25987525987526,28.72101856627664,1.83,2.083950103950104,1.4568469769237482,2.0,3.0644490644490645,3.8076135567991924,0.15,0.21,0.23469838800753048,15.0,22.02079002079002,20.263359384397088,10.0,13.13929313929314,12.504304872028685,15.0,20.08731808731809,18.44532080684312,7.0,9.891891891891891,9.428058564110021,10.0,13.656964656964657,12.292985734454355,2.0,4.611226611226611,6.535527805818265,7.0,9.045738045738046,8.422563169224102,6.0,10.045738045738046,10.582315610153747,629.0,740.6340956340956,547.4758244297786,29.0,83.62993762993763,153.47533819869705,138.0,245.05613305613306,268.398993588244,246.0,314.8981288981289,275.837195371941,119.0,187.98128898128897,188.59124025035837,17.0,30.67983367983368,37.00508676707767,12.0,22.814968814968815,28.111627644110342,45.0,47.04004576659039,23.61856626628646,44.4,42.12517162471395,22.385132020568374,343.0,414.74636174636174,314.33445913592925,1812.0,2226.6070686070684,1731.5207807107784,893.0,1149.821205821206,958.5221639583388,12.0,23.12889812889813,27.42041545986647,10.0,15.532224532224532,16.248701904546515,2.0,7.286902286902287,12.883969972767797,11.0,16.719334719334718,17.291562862365744,7.0,11.79002079002079,13.339930042591437,412.0,484.3076923076923,368.61954319895347,19.0,45.13721413721414,57.43831734759297,10.0,13.671517671517671,12.403468919360472,9.0,13.234927234927236,12.957820452534094,1.0,2.133056133056133,3.564724278574597,8.0,21.449064449064448,31.89569596352964,41.0,51.81912681912682,41.29414970754695,9.0,15.985446985446986,18.80807108048398,11.0,16.002079002079004,16.481997623733164,50.0,48.961783439490446,22.010556079759453
3,Chelsea,26.48,26.847151767151765,4.215028419714638,20.0,18.505197505197504,8.590236343061838,13.0,13.69022869022869,9.483631081461283,1145.0,1226.3846153846155,799.85396042829,0.0,1.7837837837837838,3.1987997467518685,1.0,1.3118503118503118,2.012058674810482,2.0,2.6465696465696467,2.3318076142398088,0.0,0.07692307692307693,0.2892297463157035,0.7,1.8112266112266113,2.8232071657290225,0.7,1.33970893970894,1.6928597348197758,12.0,23.334719334719335,27.385181142784983,34.0,46.022869022869024,43.969751639639256,20.0,45.42203742203742,57.37023993332196,0.0,0.11985446985446985,0.1982574599946253,0.03,0.08964656964656965,0.13015407469642723,0.07,0.13320166320166318,0.16068258979707373,0.07,0.09577962577962577,0.10098816597680971,1.5,1.6312820512820514,0.6553672312736276,69.6,67.33333333333333,8.446560599730063,21.1,23.912820512820513,22.793168176441995,0.0,16.6,30.30126510010212,29.4,29.812470588235296,21.420901223150874,0.22,0.4153014553014553,0.6177424984182684,0.05,0.0784705882352941,0.1118741067462278,16.4,16.71364705882353,5.168997942892733,398.0,489.5779625779626,403.2724867836555,80.05,79.44229166666668,8.203587926179672,6549.0,8399.41372141372,7251.572948142217,89.6,88.735,6.792368307400744,85.7,84.06937500000001,10.186568565973005,53.4,54.84432773109244,17.236848819645477,7.0,12.079002079002079,13.778077236516433,27.0,38.25571725571726,39.19607619545468,5.0,10.207900207900208,12.748791607704923,1.0,2.4074844074844073,3.81502868494378,34.0,45.67151767151767,44.07181874962966,17.0,28.25987525987526,28.72101856627664,1.83,2.083950103950104,1.4568469769237482,2.0,3.0644490644490645,3.8076135567991924,0.15,0.21,0.23469838800753048,15.0,22.02079002079002,20.263359384397088,10.0,13.13929313929314,12.504304872028685,15.0,20.08731808731809,18.44532080684312,7.0,9.891891891891891,9.428058564110021,10.0,13.656964656964657,12.292985734454355,2.0,4.611226611226611,6.535527805818265,7.0,9.045738045738046,8.422563169224102,6.0,10.045738045738046,10.582315610153747,629.0,740.6340956340956,547.4758244297786,29.0,83.62993762993763,153.47533819869705,138.0,245.05613305613306,268.398993588244,246.0,314.8981288981289,275.837195371941,119.0,187.98128898128897,188.59124025035837,17.0,30.67983367983368,37.00508676707767,12.0,22.814968814968815,28.111627644110342,45.0,47.04004576659039,23.61856626628646,44.4,42.12517162471395,22.385132020568374,343.0,414.74636174636174,314.33445913592925,1812.0,2226.6070686070684,1731.5207807107784,893.0,1149.821205821206,958.5221639583388,12.0,23.12889812889813,27.42041545986647,10.0,15.532224532224532,16.248701904546515,2.0,7.286902286902287,12.883969972767797,11.0,16.719334719334718,17.291562862365744,7.0,11.79002079002079,13.339930042591437,412.0,484.3076923076923,368.61954319895347,19.0,45.13721413721414,57.43831734759297,10.0,13.671517671517671,12.403468919360472,9.0,13.234927234927236,12.957820452534094,1.0,2.133056133056133,3.564724278574597,8.0,21.449064449064448,31.89569596352964,41.0,51.81912681912682,41.29414970754695,9.0,15.985446985446986,18.80807108048398,11.0,16.002079002079004,16.481997623733164,50.0,48.961783439490446,22.010556079759453
4,Nott'ham Forest,26.48,26.847151767151765,4.215028419714638,20.0,18.505197505197504,8.590236343061838,13.0,13.69022869022869,9.483631081461283,1145.0,1226.3846153846155,799.85396042829,0.0,1.7837837837837838,3.1987997467518685,1.0,1.3118503118503118,2.012058674810482,2.0,2.6465696465696467,2.3318076142398088,0.0,0.07692307692307693,0.2892297463157035,0.7,1.8112266112266113,2.8232071657290225,0.7,1.33970893970894,1.6928597348197758,12.0,23.334719334719335,27.385181142784983,34.0,46.022869022869024,43.969751639639256,20.0,45.42203742203742,57.37023993332196,0.0,0.11985446985446985,0.1982574599946253,0.03,0.08964656964656965,0.13015407469642723,0.07,0.13320166320166318,0.16068258979707373,0.07,0.09577962577962577,0.10098816597680971,1.5,1.6312820512820514,0.6553672312736276,69.6,67.33333333333333,8.446560599730063,21.1,23.912820512820513,22.793168176441995,0.0,16.6,30.30126510010212,29.4,29.812470588235296,21.420901223150874,0.22,0.4153014553014553,0.6177424984182684,0.05,0.0784705882352941,0.1118741067462278,16.4,16.71364705882353,5.168997942892733,398.0,489.5779625779626,403.2724867836555,80.05,79.44229166666668,8.203587926179672,6549.0,8399.41372141372,7251.572948142217,89.6,88.735,6.792368307400744,85.7,84.06937500000001,10.186568565973005,53.4,54.84432773109244,17.236848819645477,7.0,12.079002079002079,13.778077236516433,27.0,38.25571725571726,39.19607619545468,5.0,10.207900207900208,12.748791607704923,1.0,2.4074844074844073,3.81502868494378,34.0,45.67151767151767,44.07181874962966,17.0,28.25987525987526,28.72101856627664,1.83,2.083950103950104,1.4568469769237482,2.0,3.0644490644490645,3.8076135567991924,0.15,0.21,0.23469838800753048,15.0,22.02079002079002,20.263359384397088,10.0,13.13929313929314,12.504304872028685,15.0,20.08731808731809,18.44532080684312,7.0,9.891891891891891,9.428058564110021,10.0,13.656964656964657,12.292985734454355,2.0,4.611226611226611,6.535527805818265,7.0,9.045738045738046,8.422563169224102,6.0,10.045738045738046,10.582315610153747,629.0,740.6340956340956,547.4758244297786,29.0,83.62993762993763,153.47533819869705,138.0,245.05613305613306,268.398993588244,246.0,314.8981288981289,275.837195371941,119.0,187.98128898128897,188.59124025035837,17.0,30.67983367983368,37.00508676707767,12.0,22.814968814968815,28.111627644110342,45.0,47.04004576659039,23.61856626628646,44.4,42.12517162471395,22.385132020568374,343.0,414.74636174636174,314.33445913592925,1812.0,2226.6070686070684,1731.5207807107784,893.0,1149.821205821206,958.5221639583388,12.0,23.12889812889813,27.42041545986647,10.0,15.532224532224532,16.248701904546515,2.0,7.286902286902287,12.883969972767797,11.0,16.719334719334718,17.291562862365744,7.0,11.79002079002079,13.339930042591437,412.0,484.3076923076923,368.61954319895347,19.0,45.13721413721414,57.43831734759297,10.0,13.671517671517671,12.403468919360472,9.0,13.234927234927236,12.957820452534094,1.0,2.133056133056133,3.564724278574597,8.0,21.449064449064448,31.89569596352964,41.0,51.81912681912682,41.29414970754695,9.0,15.985446985446986,18.80807108048398,11.0,16.002079002079004,16.481997623733164,50.0,48.961783439490446,22.010556079759453
5,Leicester City,26.48,26.847151767151765,4.215028419714638,20.0,18.505197505197504,8.590236343061838,13.0,13.69022869022869,9.483631081461283,1145.0,1226.3846153846155,799.85396042829,0.0,1.7837837837837838,3.1987997467518685,1.0,1.3118503118503118,2.012058674810482,2.0,2.6465696465696467,2.3318076142398088,0.0,0.07692307692307693,0.2892297463157035,0.7,1.8112266112266113,2.8232071657290225,0.7,1.33970893970894,1.6928597348197758,12.0,23.334719334719335,27.385181142784983,34.0,46.022869022869024,43.969751639639256,20.0,45.42203742203742,57.37023993332196,0.0,0.11985446985446985,0.1982574599946253,0.03,0.08964656964656965,0.13015407469642723,0.07,0.13320166320166318,0.16068258979707373,0.07,0.09577962577962577,0.10098816597680971,1.5,1.6312820512820514,0.6553672312736276,69.6,67.33333333333333,8.446560599730063,21.1,23.912820512820513,22.793168176441995,0.0,16.6,30.30126510010212,29.4,29.812470588235296,21.420901223150874,0.22,0.4153014553014553,0.6177424984182684,0.05,0.0784705882352941,0.1118741067462278,16.4,16.71364705882353,5.168997942892733,398.0,489.5779625779626,403.2724867836555,80.05,79.44229166666668,8.203587926179672,6549.0,8399.41372141372,7251.572948142217,89.6,88.735,6.792368307400744,85.7,84.06937500000001,10.186568565973005,53.4,54.84432773109244,17.236848819645477,7.0,12.079002079002079,13.778077236516433,27.0,38.25571725571726,39.19607619545468,5.0,10.207900207900208,12.748791607704923,1.0,2.4074844074844073,3.81502868494378,34.0,45.67151767151767,44.07181874962966,17.0,28.25987525987526,28.72101856627664,1.83,2.083950103950104,1.4568469769237482,2.0,3.0644490644490645,3.8076135567991924,0.15,0.21,0.23469838800753048,15.0,22.02079002079002,20.263359384397088,10.0,13.13929313929314,12.504304872028685,15.0,20.08731808731809,18.44532080684312,7.0,9.891891891891891,9.428058564110021,10.0,13.656964656964657,12.292985734454355,2.0,4.611226611226611,6.535527805818265,7.0,9.045738045738046,8.422563169224102,6.0,10.045738045738046,10.582315610153747,629.0,740.6340956340956,547.4758244297786,29.0,83.62993762993763,153.47533819869705,138.0,245.05613305613306,268.398993588244,246.0,314.8981288981289,275.837195371941,119.0,187.98128898128897,188.59124025035837,17.0,30.67983367983368,37.00508676707767,12.0,22.814968814968815,28.111627644110342,45.0,47.04004576659039,23.61856626628646,44.4,42.12517162471395,22.385132020568374,343.0,414.74636174636174,314.33445913592925,1812.0,2226.6070686070684,1731.5207807107784,893.0,1149.821205821206,958.5221639583388,12.0,23.12889812889813,27.42041545986647,10.0,15.532224532224532,16.248701904546515,2.0,7.286902286902287,12.883969972767797,11.0,16.719334719334718,17.291562862365744,7.0,11.79002079002079,13.339930042591437,412.0,484.3076923076923,368.61954319895347,19.0,45.13721413721414,57.43831734759297,10.0,13.671517671517671,12.403468919360472,9.0,13.234927234927236,12.957820452534094,1.0,2.133056133056133,3.564724278574597,8.0,21.449064449064448,31.89569596352964,41.0,51.81912681912682,41.29414970754695,9.0,15.985446985446986,18.80807108048398,11.0,16.002079002079004,16.481997623733164,50.0,48.961783439490446,22.010556079759453
6,Everton,26.48,26.847151767151765,4.215028419714638,20.0,18.505197505197504,8.590236343061838,13.0,13.69022869022869,9.483631081461283,1145.0,1226.3846153846155,799.85396042829,0.0,1.7837837837837838,3.1987997467518685,1.0,1.3118503118503118,2.012058674810482,2.0,2.6465696465696467,2.3318076142398088,0.0,0.07692307692307693,0.2892297463157035,0.7,1.8112266112266113,2.8232071657290225,0.7,1.33970893970894,1.6928597348197758,12.0,23.334719334719335,27.385181142784983,34.0,46.022869022869024,43.969751639639256,20.0,45.42203742203742,57.37023993332196,0.0,0.11985446985446985,0.1982574599946253,0.03,0.08964656964656965,0.13015407469642723,0.07,0.13320166320166318,0.16068258979707373,0.07,0.09577962577962577,0.10098816597680971,1.5,1.6312820512820514,0.6553672312736276,69.6,67.33333333333333,8.446560599730063,21.1,23.912820512820513,22.793168176441995,0.0,16.6,30.30126510010212,29.4,29.812470588235296,21.420901223150874,0.22,0.4153014553014553,0.6177424984182684,0.05,0.0784705882352941,0.1118741067462278,16.4,16.71364705882353,5.168997942892733,398.0,489.5779625779626,403.2724867836555,80.05,79.44229166666668,8.203587926179672,6549.0,8399.41372141372,7251.572948142217,89.6,88.735,6.792368307400744,85.7,84.06937500000001,10.186568565973005,53.4,54.84432773109244,17.236848819645477,7.0,12.079002079002079,13.778077236516433,27.0,38.25571725571726,39.19607619545468,5.0,10.207900207900208,12.748791607704923,1.0,2.4074844074844073,3.81502868494378,34.0,45.67151767151767,44.07181874962966,17.0,28.25987525987526,28.72101856627664,1.83,2.083950103950104,1.4568469769237482,2.0,3.0644490644490645,3.8076135567991924,0.15,0.21,0.23469838800753048,15.0,22.02079002079002,20.263359384397088,10.0,13.13929313929314,12.504304872028685,15.0,20.08731808731809,18.44532080684312,7.0,9.891891891891891,9.428058564110021,10.0,13.656964656964657,12.292985734454355,2.0,4.611226611226611,6.535527805818265,7.0,9.045738045738046,8.422563169224102,6.0,10.045738045738046,10.582315610153747,629.0,740.6340956340956,547.4758244297786,29.0,83.62993762993763,153.47533819869705,138.0,245.05613305613306,268.398993588244,246.0,314.8981288981289,275.837195371941,119.0,187.98128898128897,188.59124025035837,17.0,30.67983367983368,37.00508676707767,12.0,22.814968814968815,28.111627644110342,45.0,47.04004576659039,23.61856626628646,44.4,42.12517162471395,22.385132020568374,343.0,414.74636174636174,314.33445913592925,1812.0,2226.6070686070684,1731.5207807107784,893.0,1149.821205821206,958.5221639583388,12.0,23.12889812889813,27.42041545986647,10.0,15.532224532224532,16.248701904546515,2.0,7.286902286902287,12.883969972767797,11.0,16.719334719334718,17.291562862365744,7.0,11.79002079002079,13.339930042591437,412.0,484.3076923076923,368.61954319895347,19.0,45.13721413721414,57.43831734759297,10.0,13.671517671517671,12.403468919360472,9.0,13.234927234927236,12.957820452534094,1.0,2.133056133056133,3.564724278574597,8.0,21.449064449064448,31.89569596352964,41.0,51.81912681912682,41.29414970754695,9.0,15.985446985446986,18.80807108048398,11.0,16.002079002079004,16.481997623733164,50.0,48.961783439490446,22.010556079759453
7,Tottenham,26.48,26.847151767151765,4.215028419714638,20.0,18.505197505197504,8.590236343061838,13.0,13.69022869022869,9.483631081461283,1145.0,1226.3846153846155,799.85396042829,0.0,1.7837837837837838,3.1987997467518685,1.0,1.3118503118503118,2.012058674810482,2.0,2.6465696465696467,2.3318076142398088,0.0,0.07692307692307693,0.2892297463157035,0.7,1.8112266112266113,2.8232071657290225,0.7,1.33970893970894,1.6928597348197758,12.0,23.334719334719335,27.385181142784983,34.0,46.022869022869024,43.969751639639256,20.0,45.42203742203742,57.37023993332196,0.0,0.11985446985446985,0.1982574599946253,0.03,0.08964656964656965,0.13015407469642723,0.07,0.13320166320166318,0.16068258979707373,0.07,0.09577962577962577,0.10098816597680971,1.5,1.6312820512820514,0.6553672312736276,69.6,67.33333333333333,8.446560599730063,21.1,23.912820512820513,22.793168176441995,0.0,16.6,30.30126510010212,29.4,29.812470588235296,21.420901223150874,0.22,0.4153014553014553,0.6177424984182684,0.05,0.0784705882352941,0.1118741067462278,16.4,16.71364705882353,5.168997942892733,398.0,489.5779625779626,403.2724867836555,80.05,79.44229166666668,8.203587926179672,6549.0,8399.41372141372,7251.572948142217,89.6,88.735,6.792368307400744,85.7,84.06937500000001,10.186568565973005,53.4,54.84432773109244,17.236848819645477,7.0,12.079002079002079,13.778077236516433,27.0,38.25571725571726,39.19607619545468,5.0,10.207900207900208,12.748791607704923,1.0,2.4074844074844073,3.81502868494378,34.0,45.67151767151767,44.07181874962966,17.0,28.25987525987526,28.72101856627664,1.83,2.083950103950104,1.4568469769237482,2.0,3.0644490644490645,3.8076135567991924,0.15,0.21,0.23469838800753048,15.0,22.02079002079002,20.263359384397088,10.0,13.13929313929314,12.504304872028685,15.0,20.08731808731809,18.44532080684312,7.0,9.891891891891891,9.428058564110021,10.0,13.656964656964657,12.292985734454355,2.0,4.611226611226611,6.535527805818265,7.0,9.045738045738046,8.422563169224102,6.0,10.045738045738046,10.582315610153747,629.0,740.6340956340956,547.4758244297786,29.0,83.62993762993763,153.47533819869705,138.0,245.05613305613306,268.398993588244,246.0,314.8981288981289,275.837195371941,119.0,187.98128898128897,188.59124025035837,17.0,30.67983367983368,37.00508676707767,12.0,22.814968814968815,28.111627644110342,45.0,47.04004576659039,23.61856626628646,44.4,42.12517162471395,22.385132020568374,343.0,414.74636174636174,314.33445913592925,1812.0,2226.6070686070684,1731.5207807107784,893.0,1149.821205821206,958.5221639583388,12.0,23.12889812889813,27.42041545986647,10.0,15.532224532224532,16.248701904546515,2.0,7.286902286902287,12.883969972767797,11.0,16.719334719334718,17.291562862365744,7.0,11.79002079002079,13.339930042591437,412.0,484.3076923076923,368.61954319895347,19.0,45.13721413721414,57.43831734759297,10.0,13.671517671517671,12.403468919360472,9.0,13.234927234927236,12.957820452534094,1.0,2.133056133056133,3.564724278574597,8.0,21.449064449064448,31.89569596352964,41.0,51.81912681912682,41.29414970754695,9.0,15.985446985446986,18.80807108048398,11.0,16.002079002079004,16.481997623733164,50.0,48.961783439490446,22.010556079759453
8,Brighton,26.48,26.847151767151765,4.215028419714638,20.0,18.505197505197504,8.590236343061838,13.0,13.69022869022869,9.483631081461283,1145.0,1226.3846153846155,799.85396042829,0.0,1.7837837837837838,3.1987997467518685,1.0,1.3118503118503118,2.012058674810482,2.0,2.6465696465696467,2.3318076142398088,0.0,0.07692307692307693,0.2892297463157035,0.7,1.8112266112266113,2.8232071657290225,0.7,1.33970893970894,1.6928597348197758,12.0,23.334719334719335,27.385181142784983,34.0,46.022869022869024,43.969751639639256,20.0,45.42203742203742,57.37023993332196,0.0,0.11985446985446985,0.1982574599946253,0.03,0.08964656964656965,0.13015407469642723,0.07,0.13320166320166318,0.16068258979707373,0.07,0.09577962577962577,0.10098816597680971,1.5,1.6312820512820514,0.6553672312736276,69.6,67.33333333333333,8.446560599730063,21.1,23.912820512820513,22.793168176441995,0.0,16.6,30.30126510010212,29.4,29.812470588235296,21.420901223150874,0.22,0.4153014553014553,0.6177424984182684,0.05,0.0784705882352941,0.1118741067462278,16.4,16.71364705882353,5.168997942892733,398.0,489.5779625779626,403.2724867836555,80.05,79.44229166666668,8.203587926179672,6549.0,8399.41372141372,7251.572948142217,89.6,88.735,6.792368307400744,85.7,84.06937500000001,10.186568565973005,53.4,54.84432773109244,17.236848819645477,7.0,12.079002079002079,13.778077236516433,27.0,38.25571725571726,39.19607619545468,5.0,10.207900207900208,12.748791607704923,1.0,2.4074844074844073,3.81502868494378,34.0,45.67151767151767,44.07181874962966,17.0,28.25987525987526,28.72101856627664,1.83,2.083950103950104,1.4568469769237482,2.0,3.0644490644490645,3.8076135567991924,0.15,0.21,0.23469838800753048,15.0,22.02079002079002,20.263359384397088,10.0,13.13929313929314,12.504304872028685,15.0,20.08731808731809,18.44532080684312,7.0,9.891891891891891,9.428058564110021,10.0,13.656964656964657,12.292985734454355,2.0,4.611226611226611,6.535527805818265,7.0,9.045738045738046,8.422563169224102,6.0,10.045738045738046,10.582315610153747,629.0,740.6340956340956,547.4758244297786,29.0,83.62993762993763,153.47533819869705,138.0,245.05613305613306,268.398993588244,246.0,314.8981288981289,275.837195371941,119.0,187.98128898128897,188.59124025035837,17.0,30.67983367983368,37.00508676707767,12.0,22.814968814968815,28.111627644110342,45.0,47.04004576659039,23.61856626628646,44.4,42.12517162471395,22.385132020568374,343.0,414.74636174636174,314.33445913592925,1812.0,2226.6070686070684,1731.5207807107784,893.0,1149.821205821206,958.5221639583388,12.0,23.12889812889813,27.42041545986647,10.0,15.532224532224532,16.248701904546515,2.0,7.286902286902287,12.883969972767797,11.0,16.719334719334718,17.291562862365744,7.0,11.79002079002079,13.339930042591437,412.0,484.3076923076923,368.61954319895347,19.0,45.13721413721414,57.43831734759297,10.0,13.671517671517671,12.403468919360472,9.0,13.234927234927236,12.957820452534094,1.0,2.133056133056133,3.564724278574597,8.0,21.449064449064448,31.89569596352964,41.0,51.81912681912682,41.29414970754695,9.0,15.985446985446986,18.80807108048398,11.0,16.002079002079004,16.481997623733164,50.0,48.961783439490446,22.010556079759453
9,Southampton,26.48,26.847151767151765,4.215028419714638,20.0,18.505197505197504,8.590236343061838,13.0,13.69022869022869,9.483631081461283,1145.0,1226.3846153846155,799.85396042829,0.0,1.7837837837837838,3.1987997467518685,1.0,1.3118503118503118,2.012058674810482,2.0,2.6465696465696467,2.3318076142398088,0.0,0.07692307692307693,0.2892297463157035,0.7,1.8112266112266113,2.8232071657290225,0.7,1.33970893970894,1.6928597348197758,12.0,23.334719334719335,27.385181142784983,34.0,46.022869022869024,43.969751639639256,20.0,45.42203742203742,57.37023993332196,0.0,0.11985446985446985,0.1982574599946253,0.03,0.08964656964656965,0.13015407469642723,0.07,0.13320166320166318,0.16068258979707373,0.07,0.09577962577962577,0.10098816597680971,1.5,1.6312820512820514,0.6553672312736276,69.6,67.33333333333333,8.446560599730063,21.1,23.912820512820513,22.793168176441995,0.0,16.6,30.30126510010212,29.4,29.812470588235296,21.420901223150874,0.22,0.4153014553014553,0.6177424984182684,0.05,0.0784705882352941,0.1118741067462278,16.4,16.71364705882353,5.168997942892733,398.0,489.5779625779626,403.2724867836555,80.05,79.44229166666668,8.203587926179672,6549.0,8399.41372141372,7251.572948142217,89.6,88.735,6.792368307400744,85.7,84.06937500000001,10.186568565973005,53.4,54.84432773109244,17.236848819645477,7.0,12.079002079002079,13.778077236516433,27.0,38.25571725571726,39.19607619545468,5.0,10.207900207900208,12.748791607704923,1.0,2.4074844074844073,3.81502868494378,34.0,45.67151767151767,44.07181874962966,17.0,28.25987525987526,28.72101856627664,1.83,2.083950103950104,1.4568469769237482,2.0,3.0644490644490645,3.8076135567991924,0.15,0.21,0.23469838800753048,15.0,22.02079002079002,20.263359384397088,10.0,13.13929313929314,12.504304872028685,15.0,20.08731808731809,18.44532080684312,7.0,9.891891891891891,9.428058564110021,10.0,13.656964656964657,12.292985734454355,2.0,4.611226611226611,6.535527805818265,7.0,9.045738045738046,8.422563169224102,6.0,10.045738045738046,10.582315610153747,629.0,740.6340956340956,547.4758244297786,29.0,83.62993762993763,153.47533819869705,138.0,245.05613305613306,268.398993588244,246.0,314.8981288981289,275.837195371941,119.0,187.98128898128897,188.59124025035837,17.0,30.67983367983368,37.00508676707767,12.0,22.814968814968815,28.111627644110342,45.0,47.04004576659039,23.61856626628646,44.4,42.12517162471395,22.385132020568374,343.0,414.74636174636174,314.33445913592925,1812.0,2226.6070686070684,1731.5207807107784,893.0,1149.821205821206,958.5221639583388,12.0,23.12889812889813,27.42041545986647,10.0,15.532224532224532,16.248701904546515,2.0,7.286902286902287,12.883969972767797,11.0,16.719334719334718,17.291562862365744,7.0,11.79002079002079,13.339930042591437,412.0,484.3076923076923,368.61954319895347,19.0,45.13721413721414,57.43831734759297,10.0,13.671517671517671,12.403468919360472,9.0,13.234927234927236,12.957820452534094,1.0,2.133056133056133,3.564724278574597,8.0,21.449064449064448,31.89569596352964,41.0,51.81912681912682,41.29414970754695,9.0,15.985446985446986,18.80807108048398,11.0,16.002079002079004,16.481997623733164,50.0,48.961783439490446,22.010556079759453
10,Arsenal,26.48,26.847151767151765,4.215028419714638,20.0,18.505197505197504,8.590236343061838,13.0,13.69022869022869,9.483631081461283,1145.0,1226.3846153846155,799.85396042829,0.0,1.7837837837837838,3.1987997467518685,1.0,1.3118503118503118,2.012058674810482,2.0,2.6465696465696467,2.3318076142398088,0.0,0.07692307692307693,0.2892297463157035,0.7,1.8112266112266113,2.8232071657290225,0.7,1.33970893970894,1.6928597348197758,12.0,23.334719334719335,27.385181142784983,34.0,46.022869022869024,43.969751639639256,20.0,45.42203742203742,57.37023993332196,0.0,0.11985446985446985,0.1982574599946253,0.03,0.08964656964656965,0.13015407469642723,0.07,0.13320166320166318,0.16068258979707373,0.07,0.09577962577962577,0.10098816597680971,1.5,1.6312820512820514,0.6553672312736276,69.6,67.33333333333333,8.446560599730063,21.1,23.912820512820513,22.793168176441995,0.0,16.6,30.30126510010212,29.4,29.812470588235296,21.420901223150874,0.22,0.4153014553014553,0.6177424984182684,0.05,0.0784705882352941,0.1118741067462278,16.4,16.71364705882353,5.168997942892733,398.0,489.5779625779626,403.2724867836555,80.05,79.44229166666668,8.203587926179672,6549.0,8399.41372141372,7251.572948142217,89.6,88.735,6.792368307400744,85.7,84.06937500000001,10.186568565973005,53.4,54.84432773109244,17.236848819645477,7.0,12.079002079002079,13.778077236516433,27.0,38.25571725571726,39.19607619545468,5.0,10.207900207900208,12.748791607704923,1.0,2.4074844074844073,3.81502868494378,34.0,45.67151767151767,44.07181874962966,17.0,28.25987525987526,28.72101856627664,1.83,2.083950103950104,1.4568469769237482,2.0,3.0644490644490645,3.8076135567991924,0.15,0.21,0.23469838800753048,15.0,22.02079002079002,20.263359384397088,10.0,13.13929313929314,12.504304872028685,15.0,20.08731808731809,18.44532080684312,7.0,9.891891891891891,9.428058564110021,10.0,13.656964656964657,12.292985734454355,2.0,4.611226611226611,6.535527805818265,7.0,9.045738045738046,8.422563169224102,6.0,10.045738045738046,10.582315610153747,629.0,740.6340956340956,547.4758244297786,29.0,83.62993762993763,153.47533819869705,138.0,245.05613305613306,268.398993588244,246.0,314.8981288981289,275.837195371941,119.0,187.98128898128897,188.59124025035837,17.0,30.67983367983368,37.00508676707767,12.0,22.814968814968815,28.111627644110342,45.0,47.04004576659039,23.61856626628646,44.4,42.12517162471395,22.385132020568374,343.0,414.74636174636174,314.33445913592925,1812.0,2226.6070686070684,1731.5207807107784,893.0,1149.821205821206,958.5221639583388,12.0,23.12889812889813,27.42041545986647,10.0,15.532224532224532,16.248701904546515,2.0,7.286902286902287,12.883969972767797,11.0,16.719334719334718,17.291562862365744,7.0,11.79002079002079,13.339930042591437,412.0,484.3076923076923,368.61954319895347,19.0,45.13721413721414,57.43831734759297,10.0,13.671517671517671,12.403468919360472,9.0,13.234927234927236,12.957820452534094,1.0,2.133056133056133,3.564724278574597,8.0,21.449064449064448,31.89569596352964,41.0,51.81912681912682,41.29414970754695,9.0,15.985446985446986,18.80807108048398,11.0,16.002079002079004,16.481997623733164,50.0,48.961783439490446,22.010556079759453
11,Bournemouth,26.48,26.847151767151765,4.215028419714638,20.0,18.505197505197504,8.590236343061838,13.0,13.69022869022869,9.483631081461283,1145.0,1226.3846153846155,799.85396042829,0.0,1.7837837837837838,3.1987997467518685,1.0,1.3118503118503118,2.012058674810482,2.0,2.6465696465696467,2.3318076142398088,0.0,0.07692307692307693,0.2892297463157035,0.7,1.8112266112266113,2.8232071657290225,0.7,1.33970893970894,1.6928597348197758,12.0,23.334719334719335,27.385181142784983,34.0,46.022869022869024,43.969751639639256,20.0,45.42203742203742,57.37023993332196,0.0,0.11985446985446985,0.1982574599946253,0.03,0.08964656964656965,0.13015407469642723,0.07,0.13320166320166318,0.16068258979707373,0.07,0.09577962577962577,0.10098816597680971,1.5,1.6312820512820514,0.6553672312736276,69.6,67.33333333333333,8.446560599730063,21.1,23.912820512820513,22.793168176441995,0.0,16.6,30.30126510010212,29.4,29.812470588235296,21.420901223150874,0.22,0.4153014553014553,0.6177424984182684,0.05,0.0784705882352941,0.1118741067462278,16.4,16.71364705882353,5.168997942892733,398.0,489.5779625779626,403.2724867836555,80.05,79.44229166666668,8.203587926179672,6549.0,8399.41372141372,7251.572948142217,89.6,88.735,6.792368307400744,85.7,84.06937500000001,10.186568565973005,53.4,54.84432773109244,17.236848819645477,7.0,12.079002079002079,13.778077236516433,27.0,38.25571725571726,39.19607619545468,5.0,10.207900207900208,12.748791607704923,1.0,2.4074844074844073,3.81502868494378,34.0,45.67151767151767,44.07181874962966,17.0,28.25987525987526,28.72101856627664,1.83,2.083950103950104,1.4568469769237482,2.0,3.0644490644490645,3.8076135567991924,0.15,0.21,0.23469838800753048,15.0,22.02079002079002,20.263359384397088,10.0,13.13929313929314,12.504304872028685,15.0,20.08731808731809,18.44532080684312,7.0,9.891891891891891,9.428058564110021,10.0,13.656964656964657,12.292985734454355,2.0,4.611226611226611,6.535527805818265,7.0,9.045738045738046,8.422563169224102,6.0,10.045738045738046,10.582315610153747,629.0,740.6340956340956,547.4758244297786,29.0,83.62993762993763,153.47533819869705,138.0,245.05613305613306,268.398993588244,246.0,314.8981288981289,275.837195371941,119.0,187.98128898128897,188.59124025035837,17.0,30.67983367983368,37.00508676707767,12.0,22.814968814968815,28.111627644110342,45.0,47.04004576659039,23.61856626628646,44.4,42.12517162471395,22.385132020568374,343.0,414.74636174636174,314.33445913592925,1812.0,2226.6070686070684,1731.5207807107784,893.0,1149.821205821206,958.5221639583388,12.0,23.12889812889813,27.42041545986647,10.0,15.532224532224532,16.248701904546515,2.0,7.286902286902287,12.883969972767797,11.0,16.719334719334718,17.291562862365744,7.0,11.79002079002079,13.339930042591437,412.0,484.3076923076923,368.61954319895347,19.0,45.13721413721414,57.43831734759297,10.0,13.671517671517671,12.403468919360472,9.0,13.234927234927236,12.957820452534094,1.0,2.133056133056133,3.564724278574597,8.0,21.449064449064448,31.89569596352964,41.0,51.81912681912682,41.29414970754695,9.0,15.985446985446986,18.80807108048398,11.0,16.002079002079004,16.481997623733164,50.0,48.961783439490446,22.010556079759453
12,Newcastle Utd,26.48,26.847151767151765,4.215028419714638,20.0,18.505197505197504,8.590236343061838,13.0,13.69022869022869,9.483631081461283,1145.0,1226.3846153846155,799.85396042829,0.0,1.7837837837837838,3.1987997467518685,1.0,1.3118503118503118,2.012058674810482,2.0,2.6465696465696467,2.3318076142398088,0.0,0.07692307692307693,0.2892297463157035,0.7,1.8112266112266113,2.8232071657290225,0.7,1.33970893970894,1.6928597348197758,12.0,23.334719334719335,27.385181142784983,34.0,46.022869022869024,43.969751639639256,20.0,45.42203742203742,57.37023993332196,0.0,0.11985446985446985,0.1982574599946253,0.03,0.08964656964656965,0.13015407469642723,0.07,0.13320166320166318,0.16068258979707373,0.07,0.09577962577962577,0.10098816597680971,1.5,1.6312820512820514,0.6553672312736276,69.6,67.33333333333333,8.446560599730063,21.1,23.912820512820513,22.793168176441995,0.0,16.6,30.30126510010212,29.4,29.812470588235296,21.420901223150874,0.22,0.4153014553014553,0.6177424984182684,0.05,0.0784705882352941,0.1118741067462278,16.4,16.71364705882353,5.168997942892733,398.0,489.5779625779626,403.2724867836555,80.05,79.44229166666668,8.203587926179672,6549.0,8399.41372141372,7251.572948142217,89.6,88.735,6.792368307400744,85.7,84.06937500000001,10.186568565973005,53.4,54.84432773109244,17.236848819645477,7.0,12.079002079002079,13.778077236516433,27.0,38.25571725571726,39.19607619545468,5.0,10.207900207900208,12.748791607704923,1.0,2.4074844074844073,3.81502868494378,34.0,45.67151767151767,44.07181874962966,17.0,28.25987525987526,28.72101856627664,1.83,2.083950103950104,1.4568469769237482,2.0,3.0644490644490645,3.8076135567991924,0.15,0.21,0.23469838800753048,15.0,22.02079002079002,20.263359384397088,10.0,13.13929313929314,12.504304872028685,15.0,20.08731808731809,18.44532080684312,7.0,9.891891891891891,9.428058564110021,10.0,13.656964656964657,12.292985734454355,2.0,4.611226611226611,6.535527805818265,7.0,9.045738045738046,8.422563169224102,6.0,10.045738045738046,10.582315610153747,629.0,740.6340956340956,547.4758244297786,29.0,83.62993762993763,153.47533819869705,138.0,245.05613305613306,268.398993588244,246.0,314.8981288981289,275.837195371941,119.0,187.98128898128897,188.59124025035837,17.0,30.67983367983368,37.00508676707767,12.0,22.814968814968815,28.111627644110342,45.0,47.04004576659039,23.61856626628646,44.4,42.12517162471395,22.385132020568374,343.0,414.74636174636174,314.33445913592925,1812.0,2226.6070686070684,1731.5207807107784,893.0,1149.821205821206,958.5221639583388,12.0,23.12889812889813,27.42041545986647,10.0,15.532224532224532,16.248701904546515,2.0,7.286902286902287,12.883969972767797,11.0,16.719334719334718,17.291562862365744,7.0,11.79002079002079,13.339930042591437,412.0,484.3076923076923,368.61954319895347,19.0,45.13721413721414,57.43831734759297,10.0,13.671517671517671,12.403468919360472,9.0,13.234927234927236,12.957820452534094,1.0,2.133056133056133,3.564724278574597,8.0,21.449064449064448,31.89569596352964,41.0,51.81912681912682,41.29414970754695,9.0,15.985446985446986,18.80807108048398,11.0,16.002079002079004,16.481997623733164,50.0,48.961783439490446,22.010556079759453
13,Brentford,26.48,26.847151767151765,4.215028419714638,20.0,18.505197505197504,8.590236343061838,13.0,13.69022869022869,9.483631081461283,1145.0,1226.3846153846155,799.85396042829,0.0,1.7837837837837838,3.1987997467518685,1.0,1.3118503118503118,2.012058674810482,2.0,2.6465696465696467,2.3318076142398088,0.0,0.07692307692307693,0.2892297463157035,0.7,1.8112266112266113,2.8232071657290225,0.7,1.33970893970894,1.6928597348197758,12.0,23.334719334719335,27.385181142784983,34.0,46.022869022869024,43.969751639639256,20.0,45.42203742203742,57.37023993332196,0.0,0.11985446985446985,0.1982574599946253,0.03,0.08964656964656965,0.13015407469642723,0.07,0.13320166320166318,0.16068258979707373,0.07,0.09577962577962577,0.10098816597680971,1.5,1.6312820512820514,0.6553672312736276,69.6,67.33333333333333,8.446560599730063,21.1,23.912820512820513,22.793168176441995,0.0,16.6,30.30126510010212,29.4,29.812470588235296,21.420901223150874,0.22,0.4153014553014553,0.6177424984182684,0.05,0.0784705882352941,0.1118741067462278,16.4,16.71364705882353,5.168997942892733,398.0,489.5779625779626,403.2724867836555,80.05,79.44229166666668,8.203587926179672,6549.0,8399.41372141372,7251.572948142217,89.6,88.735,6.792368307400744,85.7,84.06937500000001,10.186568565973005,53.4,54.84432773109244,17.236848819645477,7.0,12.079002079002079,13.778077236516433,27.0,38.25571725571726,39.19607619545468,5.0,10.207900207900208,12.748791607704923,1.0,2.4074844074844073,3.81502868494378,34.0,45.67151767151767,44.07181874962966,17.0,28.25987525987526,28.72101856627664,1.83,2.083950103950104,1.4568469769237482,2.0,3.0644490644490645,3.8076135567991924,0.15,0.21,0.23469838800753048,15.0,22.02079002079002,20.263359384397088,10.0,13.13929313929314,12.504304872028685,15.0,20.08731808731809,18.44532080684312,7.0,9.891891891891891,9.428058564110021,10.0,13.656964656964657,12.292985734454355,2.0,4.611226611226611,6.535527805818265,7.0,9.045738045738046,8.422563169224102,6.0,10.045738045738046,10.582315610153747,629.0,740.6340956340956,547.4758244297786,29.0,83.62993762993763,153.47533819869705,138.0,245.05613305613306,268.398993588244,246.0,314.8981288981289,275.837195371941,119.0,187.98128898128897,188.59124025035837,17.0,30.67983367983368,37.00508676707767,12.0,22.814968814968815,28.111627644110342,45.0,47.04004576659039,23.61856626628646,44.4,42.12517162471395,22.385132020568374,343.0,414.74636174636174,314.33445913592925,1812.0,2226.6070686070684,1731.5207807107784,893.0,1149.821205821206,958.5221639583388,12.0,23.12889812889813,27.42041545986647,10.0,15.532224532224532,16.248701904546515,2.0,7.286902286902287,12.883969972767797,11.0,16.719334719334718,17.291562862365744,7.0,11.79002079002079,13.339930042591437,412.0,484.3076923076923,368.61954319895347,19.0,45.13721413721414,57.43831734759297,10.0,13.671517671517671,12.403468919360472,9.0,13.234927234927236,12.957820452534094,1.0,2.133056133056133,3.564724278574597,8.0,21.449064449064448,31.89569596352964,41.0,51.81912681912682,41.29414970754695,9.0,15.985446985446986,18.80807108048398,11.0,16.002079002079004,16.481997623733164,50.0,48.961783439490446,22.010556079759453
14,Ipswich Town,26.48,26.847151767151765,4.215028419714638,20.0,18.505197505197504,8.590236343061838,13.0,13.69022869022869,9.483631081461283,1145.0,1226.3846153846155,799.85396042829,0.0,1.7837837837837838,3.1987997467518685,1.0,1.3118503118503118,2.012058674810482,2.0,2.6465696465696467,2.3318076142398088,0.0,0.07692307692307693,0.2892297463157035,0.7,1.8112266112266113,2.8232071657290225,0.7,1.33970893970894,1.6928597348197758,12.0,23.334719334719335,27.385181142784983,34.0,46.022869022869024,43.969751639639256,20.0,45.42203742203742,57.37023993332196,0.0,0.11985446985446985,0.1982574599946253,0.03,0.08964656964656965,0.13015407469642723,0.07,0.13320166320166318,0.16068258979707373,0.07,0.09577962577962577,0.10098816597680971,1.5,1.6312820512820514,0.6553672312736276,69.6,67.33333333333333,8.446560599730063,21.1,23.912820512820513,22.793168176441995,0.0,16.6,30.30126510010212,29.4,29.812470588235296,21.420901223150874,0.22,0.4153014553014553,0.6177424984182684,0.05,0.0784705882352941,0.1118741067462278,16.4,16.71364705882353,5.168997942892733,398.0,489.5779625779626,403.2724867836555,80.05,79.44229166666668,8.203587926179672,6549.0,8399.41372141372,7251.572948142217,89.6,88.735,6.792368307400744,85.7,84.06937500000001,10.186568565973005,53.4,54.84432773109244,17.236848819645477,7.0,12.079002079002079,13.778077236516433,27.0,38.25571725571726,39.19607619545468,5.0,10.207900207900208,12.748791607704923,1.0,2.4074844074844073,3.81502868494378,34.0,45.67151767151767,44.07181874962966,17.0,28.25987525987526,28.72101856627664,1.83,2.083950103950104,1.4568469769237482,2.0,3.0644490644490645,3.8076135567991924,0.15,0.21,0.23469838800753048,15.0,22.02079002079002,20.263359384397088,10.0,13.13929313929314,12.504304872028685,15.0,20.08731808731809,18.44532080684312,7.0,9.891891891891891,9.428058564110021,10.0,13.656964656964657,12.292985734454355,2.0,4.611226611226611,6.535527805818265,7.0,9.045738045738046,8.422563169224102,6.0,10.045738045738046,10.582315610153747,629.0,740.6340956340956,547.4758244297786,29.0,83.62993762993763,153.47533819869705,138.0,245.05613305613306,268.398993588244,246.0,314.8981288981289,275.837195371941,119.0,187.98128898128897,188.59124025035837,17.0,30.67983367983368,37.00508676707767,12.0,22.814968814968815,28.111627644110342,45.0,47.04004576659039,23.61856626628646,44.4,42.12517162471395,22.385132020568374,343.0,414.74636174636174,314.33445913592925,1812.0,2226.6070686070684,1731.5207807107784,893.0,1149.821205821206,958.5221639583388,12.0,23.12889812889813,27.42041545986647,10.0,15.532224532224532,16.248701904546515,2.0,7.286902286902287,12.883969972767797,11.0,16.719334719334718,17.291562862365744,7.0,11.79002079002079,13.339930042591437,412.0,484.3076923076923,368.61954319895347,19.0,45.13721413721414,57.43831734759297,10.0,13.671517671517671,12.403468919360472,9.0,13.234927234927236,12.957820452534094,1.0,2.133056133056133,3.564724278574597,8.0,21.449064449064448,31.89569596352964,41.0,51.81912681912682,41.29414970754695,9.0,15.985446985446986,18.80807108048398,11.0,16.002079002079004,16.481997623733164,50.0,48.961783439490446,22.010556079759453
15,Aston Villa,26.48,26.847151767151765,4.215028419714638,20.0,18.505197505197504,8.590236343061838,13.0,13.69022869022869,9.483631081461283,1145.0,1226.3846153846155,799.85396042829,0.0,1.7837837837837838,3.1987997467518685,1.0,1.3118503118503118,2.012058674810482,2.0,2.6465696465696467,2.3318076142398088,0.0,0.07692307692307693,0.2892297463157035,0.7,1.8112266112266113,2.8232071657290225,0.7,1.33970893970894,1.6928597348197758,12.0,23.334719334719335,27.385181142784983,34.0,46.022869022869024,43.969751639639256,20.0,45.42203742203742,57.37023993332196,0.0,0.11985446985446985,0.1982574599946253,0.03,0.08964656964656965,0.13015407469642723,0.07,0.13320166320166318,0.16068258979707373,0.07,0.09577962577962577,0.10098816597680971,1.5,1.6312820512820514,0.6553672312736276,69.6,67.33333333333333,8.446560599730063,21.1,23.912820512820513,22.793168176441995,0.0,16.6,30.30126510010212,29.4,29.812470588235296,21.420901223150874,0.22,0.4153014553014553,0.6177424984182684,0.05,0.0784705882352941,0.1118741067462278,16.4,16.71364705882353,5.168997942892733,398.0,489.5779625779626,403.2724867836555,80.05,79.44229166666668,8.203587926179672,6549.0,8399.41372141372,7251.572948142217,89.6,88.735,6.792368307400744,85.7,84.06937500000001,10.186568565973005,53.4,54.84432773109244,17.236848819645477,7.0,12.079002079002079,13.778077236516433,27.0,38.25571725571726,39.19607619545468,5.0,10.207900207900208,12.748791607704923,1.0,2.4074844074844073,3.81502868494378,34.0,45.67151767151767,44.07181874962966,17.0,28.25987525987526,28.72101856627664,1.83,2.083950103950104,1.4568469769237482,2.0,3.0644490644490645,3.8076135567991924,0.15,0.21,0.23469838800753048,15.0,22.02079002079002,20.263359384397088,10.0,13.13929313929314,12.504304872028685,15.0,20.08731808731809,18.44532080684312,7.0,9.891891891891891,9.428058564110021,10.0,13.656964656964657,12.292985734454355,2.0,4.611226611226611,6.535527805818265,7.0,9.045738045738046,8.422563169224102,6.0,10.045738045738046,10.582315610153747,629.0,740.6340956340956,547.4758244297786,29.0,83.62993762993763,153.47533819869705,138.0,245.05613305613306,268.398993588244,246.0,314.8981288981289,275.837195371941,119.0,187.98128898128897,188.59124025035837,17.0,30.67983367983368,37.00508676707767,12.0,22.814968814968815,28.111627644110342,45.0,47.04004576659039,23.61856626628646,44.4,42.12517162471395,22.385132020568374,343.0,414.74636174636174,314.33445913592925,1812.0,2226.6070686070684,1731.5207807107784,893.0,1149.821205821206,958.5221639583388,12.0,23.12889812889813,27.42041545986647,10.0,15.532224532224532,16.248701904546515,2.0,7.286902286902287,12.883969972767797,11.0,16.719334719334718,17.291562862365744,7.0,11.79002079002079,13.339930042591437,412.0,484.3076923076923,368.61954319895347,19.0,45.13721413721414,57.43831734759297,10.0,13.671517671517671,12.403468919360472,9.0,13.234927234927236,12.957820452534094,1.0,2.133056133056133,3.564724278574597,8.0,21.449064449064448,31.89569596352964,41.0,51.81912681912682,41.29414970754695,9.0,15.985446985446986,18.80807108048398,11.0,16.002079002079004,16.481997623733164,50.0,48.961783439490446,22.010556079759453
16,Manchester Utd,26.48,26.847151767151765,4.215028419714638,20.0,18.505197505197504,8.590236343061838,13.0,13.69022869022869,9.483631081461283,1145.0,1226.3846153846155,799.85396042829,0.0,1.7837837837837838,3.1987997467518685,1.0,1.3118503118503118,2.012058674810482,2.0,2.6465696465696467,2.3318076142398088,0.0,0.07692307692307693,0.2892297463157035,0.7,1.8112266112266113,2.8232071657290225,0.7,1.33970893970894,1.6928597348197758,12.0,23.334719334719335,27.385181142784983,34.0,46.022869022869024,43.969751639639256,20.0,45.42203742203742,57.37023993332196,0.0,0.11985446985446985,0.1982574599946253,0.03,0.08964656964656965,0.13015407469642723,0.07,0.13320166320166318,0.16068258979707373,0.07,0.09577962577962577,0.10098816597680971,1.5,1.6312820512820514,0.6553672312736276,69.6,67.33333333333333,8.446560599730063,21.1,23.912820512820513,22.793168176441995,0.0,16.6,30.30126510010212,29.4,29.812470588235296,21.420901223150874,0.22,0.4153014553014553,0.6177424984182684,0.05,0.0784705882352941,0.1118741067462278,16.4,16.71364705882353,5.168997942892733,398.0,489.5779625779626,403.2724867836555,80.05,79.44229166666668,8.203587926179672,6549.0,8399.41372141372,7251.572948142217,89.6,88.735,6.792368307400744,85.7,84.06937500000001,10.186568565973005,53.4,54.84432773109244,17.236848819645477,7.0,12.079002079002079,13.778077236516433,27.0,38.25571725571726,39.19607619545468,5.0,10.207900207900208,12.748791607704923,1.0,2.4074844074844073,3.81502868494378,34.0,45.67151767151767,44.07181874962966,17.0,28.25987525987526,28.72101856627664,1.83,2.083950103950104,1.4568469769237482,2.0,3.0644490644490645,3.8076135567991924,0.15,0.21,0.23469838800753048,15.0,22.02079002079002,20.263359384397088,10.0,13.13929313929314,12.504304872028685,15.0,20.08731808731809,18.44532080684312,7.0,9.891891891891891,9.428058564110021,10.0,13.656964656964657,12.292985734454355,2.0,4.611226611226611,6.535527805818265,7.0,9.045738045738046,8.422563169224102,6.0,10.045738045738046,10.582315610153747,629.0,740.6340956340956,547.4758244297786,29.0,83.62993762993763,153.47533819869705,138.0,245.05613305613306,268.398993588244,246.0,314.8981288981289,275.837195371941,119.0,187.98128898128897,188.59124025035837,17.0,30.67983367983368,37.00508676707767,12.0,22.814968814968815,28.111627644110342,45.0,47.04004576659039,23.61856626628646,44.4,42.12517162471395,22.385132020568374,343.0,414.74636174636174,314.33445913592925,1812.0,2226.6070686070684,1731.5207807107784,893.0,1149.821205821206,958.5221639583388,12.0,23.12889812889813,27.42041545986647,10.0,15.532224532224532,16.248701904546515,2.0,7.286902286902287,12.883969972767797,11.0,16.719334719334718,17.291562862365744,7.0,11.79002079002079,13.339930042591437,412.0,484.3076923076923,368.61954319895347,19.0,45.13721413721414,57.43831734759297,10.0,13.671517671517671,12.403468919360472,9.0,13.234927234927236,12.957820452534094,1.0,2.133056133056133,3.564724278574597,8.0,21.449064449064448,31.89569596352964,41.0,51.81912681912682,41.29414970754695,9.0,15.985446985446986,18.80807108048398,11.0,16.002079002079004,16.481997623733164,50.0,48.961783439490446,22.010556079759453
17,Wolves,26.48,26.847151767151765,4.215028419714638,20.0,18.505197505197504,8.590236343061838,13.0,13.69022869022869,9.483631081461283,1145.0,1226.3846153846155,799.85396042829,0.0,1.7837837837837838,3.1987997467518685,1.0,1.3118503118503118,2.012058674810482,2.0,2.6465696465696467,2.3318076142398088,0.0,0.07692307692307693,0.2892297463157035,0.7,1.8112266112266113,2.8232071657290225,0.7,1.33970893970894,1.6928597348197758,12.0,23.334719334719335,27.385181142784983,34.0,46.022869022869024,43.969751639639256,20.0,45.42203742203742,57.37023993332196,0.0,0.11985446985446985,0.1982574599946253,0.03,0.08964656964656965,0.13015407469642723,0.07,0.13320166320166318,0.16068258979707373,0.07,0.09577962577962577,0.10098816597680971,1.5,1.6312820512820514,0.6553672312736276,69.6,67.33333333333333,8.446560599730063,21.1,23.912820512820513,22.793168176441995,0.0,16.6,30.30126510010212,29.4,29.812470588235296,21.420901223150874,0.22,0.4153014553014553,0.6177424984182684,0.05,0.0784705882352941,0.1118741067462278,16.4,16.71364705882353,5.168997942892733,398.0,489.5779625779626,403.2724867836555,80.05,79.44229166666668,8.203587926179672,6549.0,8399.41372141372,7251.572948142217,89.6,88.735,6.792368307400744,85.7,84.06937500000001,10.186568565973005,53.4,54.84432773109244,17.236848819645477,7.0,12.079002079002079,13.778077236516433,27.0,38.25571725571726,39.19607619545468,5.0,10.207900207900208,12.748791607704923,1.0,2.4074844074844073,3.81502868494378,34.0,45.67151767151767,44.07181874962966,17.0,28.25987525987526,28.72101856627664,1.83,2.083950103950104,1.4568469769237482,2.0,3.0644490644490645,3.8076135567991924,0.15,0.21,0.23469838800753048,15.0,22.02079002079002,20.263359384397088,10.0,13.13929313929314,12.504304872028685,15.0,20.08731808731809,18.44532080684312,7.0,9.891891891891891,9.428058564110021,10.0,13.656964656964657,12.292985734454355,2.0,4.611226611226611,6.535527805818265,7.0,9.045738045738046,8.422563169224102,6.0,10.045738045738046,10.582315610153747,629.0,740.6340956340956,547.4758244297786,29.0,83.62993762993763,153.47533819869705,138.0,245.05613305613306,268.398993588244,246.0,314.8981288981289,275.837195371941,119.0,187.98128898128897,188.59124025035837,17.0,30.67983367983368,37.00508676707767,12.0,22.814968814968815,28.111627644110342,45.0,47.04004576659039,23.61856626628646,44.4,42.12517162471395,22.385132020568374,343.0,414.74636174636174,314.33445913592925,1812.0,2226.6070686070684,1731.5207807107784,893.0,1149.821205821206,958.5221639583388,12.0,23.12889812889813,27.42041545986647,10.0,15.532224532224532,16.248701904546515,2.0,7.286902286902287,12.883969972767797,11.0,16.719334719334718,17.291562862365744,7.0,11.79002079002079,13.339930042591437,412.0,484.3076923076923,368.61954319895347,19.0,45.13721413721414,57.43831734759297,10.0,13.671517671517671,12.403468919360472,9.0,13.234927234927236,12.957820452534094,1.0,2.133056133056133,3.564724278574597,8.0,21.449064449064448,31.89569596352964,41.0,51.81912681912682,41.29414970754695,9.0,15.985446985446986,18.80807108048398,11.0,16.002079002079004,16.481997623733164,50.0,48.961783439490446,22.010556079759453
18,Fulham,26.48,26.847151767151765,4.215028419714638,20.0,18.505197505197504,8.590236343061838,13.0,13.69022869022869,9.483631081461283,1145.0,1226.3846153846155,799.85396042829,0.0,1.7837837837837838,3.1987997467518685,1.0,1.3118503118503118,2.012058674810482,2.0,2.6465696465696467,2.3318076142398088,0.0,0.07692307692307693,0.2892297463157035,0.7,1.8112266112266113,2.8232071657290225,0.7,1.33970893970894,1.6928597348197758,12.0,23.334719334719335,27.385181142784983,34.0,46.022869022869024,43.969751639639256,20.0,45.42203742203742,57.37023993332196,0.0,0.11985446985446985,0.1982574599946253,0.03,0.08964656964656965,0.13015407469642723,0.07,0.13320166320166318,0.16068258979707373,0.07,0.09577962577962577,0.10098816597680971,1.5,1.6312820512820514,0.6553672312736276,69.6,67.33333333333333,8.446560599730063,21.1,23.912820512820513,22.793168176441995,0.0,16.6,30.30126510010212,29.4,29.812470588235296,21.420901223150874,0.22,0.4153014553014553,0.6177424984182684,0.05,0.0784705882352941,0.1118741067462278,16.4,16.71364705882353,5.168997942892733,398.0,489.5779625779626,403.2724867836555,80.05,79.44229166666668,8.203587926179672,6549.0,8399.41372141372,7251.572948142217,89.6,88.735,6.792368307400744,85.7,84.06937500000001,10.186568565973005,53.4,54.84432773109244,17.236848819645477,7.0,12.079002079002079,13.778077236516433,27.0,38.25571725571726,39.19607619545468,5.0,10.207900207900208,12.748791607704923,1.0,2.4074844074844073,3.81502868494378,34.0,45.67151767151767,44.07181874962966,17.0,28.25987525987526,28.72101856627664,1.83,2.083950103950104,1.4568469769237482,2.0,3.0644490644490645,3.8076135567991924,0.15,0.21,0.23469838800753048,15.0,22.02079002079002,20.263359384397088,10.0,13.13929313929314,12.504304872028685,15.0,20.08731808731809,18.44532080684312,7.0,9.891891891891891,9.428058564110021,10.0,13.656964656964657,12.292985734454355,2.0,4.611226611226611,6.535527805818265,7.0,9.045738045738046,8.422563169224102,6.0,10.045738045738046,10.582315610153747,629.0,740.6340956340956,547.4758244297786,29.0,83.62993762993763,153.47533819869705,138.0,245.05613305613306,268.398993588244,246.0,314.8981288981289,275.837195371941,119.0,187.98128898128897,188.59124025035837,17.0,30.67983367983368,37.00508676707767,12.0,22.814968814968815,28.111627644110342,45.0,47.04004576659039,23.61856626628646,44.4,42.12517162471395,22.385132020568374,343.0,414.74636174636174,314.33445913592925,1812.0,2226.6070686070684,1731.5207807107784,893.0,1149.821205821206,958.5221639583388,12.0,23.12889812889813,27.42041545986647,10.0,15.532224532224532,16.248701904546515,2.0,7.286902286902287,12.883969972767797,11.0,16.719334719334718,17.291562862365744,7.0,11.79002079002079,13.339930042591437,412.0,484.3076923076923,368.61954319895347,19.0,45.13721413721414,57.43831734759297,10.0,13.671517671517671,12.403468919360472,9.0,13.234927234927236,12.957820452534094,1.0,2.133056133056133,3.564724278574597,8.0,21.449064449064448,31.89569596352964,41.0,51.81912681912682,41.29414970754695,9.0,15.985446985446986,18.80807108048398,11.0,16.002079002079004,16.481997623733164,50.0,48.961783439490446,22.010556079759453
19,Manchester City,26.48,26.847151767151765,4.215028419714638,20.0,18.505197505197504,8.590236343061838,13.0,13.69022869022869,9.483631081461283,1145.0,1226.3846153846155,799.85396042829,0.0,1.7837837837837838,3.1987997467518685,1.0,1.3118503118503118,2.012058674810482,2.0,2.6465696465696467,2.3318076142398088,0.0,0.07692307692307693,0.2892297463157035,0.7,1.8112266112266113,2.8232071657290225,0.7,1.33970893970894,1.6928597348197758,12.0,23.334719334719335,27.385181142784983,34.0,46.022869022869024,43.969751639639256,20.0,45.42203742203742,57.37023993332196,0.0,0.11985446985446985,0.1982574599946253,0.03,0.08964656964656965,0.13015407469642723,0.07,0.13320166320166318,0.16068258979707373,0.07,0.09577962577962577,0.10098816597680971,1.5,1.6312820512820514,0.6553672312736276,69.6,67.33333333333333,8.446560599730063,21.1,23.912820512820513,22.793168176441995,0.0,16.6,30.30126510010212,29.4,29.812470588235296,21.420901223150874,0.22,0.4153014553014553,0.6177424984182684,0.05,0.0784705882352941,0.1118741067462278,16.4,16.71364705882353,5.168997942892733,398.0,489.5779625779626,403.2724867836555,80.05,79.44229166666668,8.203587926179672,6549.0,8399.41372141372,7251.572948142217,89.6,88.735,6.792368307400744,85.7,84.06937500000001,10.186568565973005,53.4,54.84432773109244,17.236848819645477,7.0,12.079002079002079,13.778077236516433,27.0,38.25571725571726,39.19607619545468,5.0,10.207900207900208,12.748791607704923,1.0,2.4074844074844073,3.81502868494378,34.0,45.67151767151767,44.07181874962966,17.0,28.25987525987526,28.72101856627664,1.83,2.083950103950104,1.4568469769237482,2.0,3.0644490644490645,3.8076135567991924,0.15,0.21,0.23469838800753048,15.0,22.02079002079002,20.263359384397088,10.0,13.13929313929314,12.504304872028685,15.0,20.08731808731809,18.44532080684312,7.0,9.891891891891891,9.428058564110021,10.0,13.656964656964657,12.292985734454355,2.0,4.611226611226611,6.535527805818265,7.0,9.045738045738046,8.422563169224102,6.0,10.045738045738046,10.582315610153747,629.0,740.6340956340956,547.4758244297786,29.0,83.62993762993763,153.47533819869705,138.0,245.05613305613306,268.398993588244,246.0,314.8981288981289,275.837195371941,119.0,187.98128898128897,188.59124025035837,17.0,30.67983367983368,37.00508676707767,12.0,22.814968814968815,28.111627644110342,45.0,47.04004576659039,23.61856626628646,44.4,42.12517162471395,22.385132020568374,343.0,414.74636174636174,314.33445913592925,1812.0,2226.6070686070684,1731.5207807107784,893.0,1149.821205821206,958.5221639583388,12.0,23.12889812889813,27.42041545986647,10.0,15.532224532224532,16.248701904546515,2.0,7.286902286902287,12.883969972767797,11.0,16.719334719334718,17.291562862365744,7.0,11.79002079002079,13.339930042591437,412.0,484.3076923076923,368.61954319895347,19.0,45.13721413721414,57.43831734759297,10.0,13.671517671517671,12.403468919360472,9.0,13.234927234927236,12.957820452534094,1.0,2.133056133056133,3.564724278574597,8.0,21.449064449064448,31.89569596352964,41.0,51.81912681912682,41.29414970754695,9.0,15.985446985446986,18.80807108048398,11.0,16.002079002079004,16.481997623733164,50.0,48.961783439490446,22.010556079759453
20,Crystal Palace,26.48,26.847151767151765,4.215028419714638,20.0,18.505197505197504,8.590236343061838,13.0,13.69022869022869,9.483631081461283,1145.0,1226.3846153846155,799.85396042829,0.0,1.7837837837837838,3.1987997467518685,1.0,1.3118503118503118,2.012058674810482,2.0,2.6465696465696467,2.3318076142398088,0.0,0.07692307692307693,0.2892297463157035,0.7,1.8112266112266113,2.8232071657290225,0.7,1.33970893970894,1.6928597348197758,12.0,23.334719334719335,27.385181142784983,34.0,46.022869022869024,43.969751639639256,20.0,45.42203742203742,57.37023993332196,0.0,0.11985446985446985,0.1982574599946253,0.03,0.08964656964656965,0.13015407469642723,0.07,0.13320166320166318,0.16068258979707373,0.07,0.09577962577962577,0.10098816597680971,1.5,1.6312820512820514,0.6553672312736276,69.6,67.33333333333333,8.446560599730063,21.1,23.912820512820513,22.793168176441995,0.0,16.6,30.30126510010212,29.4,29.812470588235296,21.420901223150874,0.22,0.4153014553014553,0.6177424984182684,0.05,0.0784705882352941,0.1118741067462278,16.4,16.71364705882353,5.168997942892733,398.0,489.5779625779626,403.2724867836555,80.05,79.44229166666668,8.203587926179672,6549.0,8399.41372141372,7251.572948142217,89.6,88.735,6.792368307400744,85.7,84.06937500000001,10.186568565973005,53.4,54.84432773109244,17.236848819645477,7.0,12.079002079002079,13.778077236516433,27.0,38.25571725571726,39.19607619545468,5.0,10.207900207900208,12.748791607704923,1.0,2.4074844074844073,3.81502868494378,34.0,45.67151767151767,44.07181874962966,17.0,28.25987525987526,28.72101856627664,1.83,2.083950103950104,1.4568469769237482,2.0,3.0644490644490645,3.8076135567991924,0.15,0.21,0.23469838800753048,15.0,22.02079002079002,20.263359384397088,10.0,13.13929313929314,12.504304872028685,15.0,20.08731808731809,18.44532080684312,7.0,9.891891891891891,9.428058564110021,10.0,13.656964656964657,12.292985734454355,2.0,4.611226611226611,6.535527805818265,7.0,9.045738045738046,8.422563169224102,6.0,10.045738045738046,10.582315610153747,629.0,740.6340956340956,547.4758244297786,29.0,83.62993762993763,153.47533819869705,138.0,245.05613305613306,268.398993588244,246.0,314.8981288981289,275.837195371941,119.0,187.98128898128897,188.59124025035837,17.0,30.67983367983368,37.00508676707767,12.0,22.814968814968815,28.111627644110342,45.0,47.04004576659039,23.61856626628646,44.4,42.12517162471395,22.385132020568374,343.0,414.74636174636174,314.33445913592925,1812.0,2226.6070686070684,1731.5207807107784,893.0,1149.821205821206,958.5221639583388,12.0,23.12889812889813,27.42041545986647,10.0,15.532224532224532,16.248701904546515,2.0,7.286902286902287,12.883969972767797,11.0,16.719334719334718,17.291562862365744,7.0,11.79002079002079,13.339930042591437,412.0,484.3076923076923,368.61954319895347,19.0,45.13721413721414,57.43831734759297,10.0,13.671517671517671,12.403468919360472,9.0,13.234927234927236,12.957820452534094,1.0,2.133056133056133,3.564724278574597,8.0,21.449064449064448,31.89569596352964,41.0,51.81912681912682,41.29414970754695,9.0,15.985446985446986,18.80807108048398,11.0,16.002079002079004,16.481997623733164,50.0,48.961783439490446,22.010556079759453
